episode,reward
0,3.9
1,3.7
2,-0.30000000000000004
3,3.9
4,4.0
5,-0.5
6,4.0
7,4.0
8,-0.5
9,3.7
10,3.7
11,-0.2
12,3.8
13,-0.4
14,3.6
15,3.7
16,-0.30000000000000004
17,3.6
18,3.8
19,-0.2
20,3.8
21,4.0
22,3.5
23,3.8
24,-0.2
25,-0.30000000000000004
26,3.6
27,3.7
28,4.0
29,-0.1
30,3.5
31,3.8
32,3.6
33,3.7
34,3.8
35,3.9
36,4.0
37,4.0
38,4.0
39,-0.4
40,4.0
41,4.0
42,3.5
43,3.9
44,-0.2
45,3.9
46,3.7
47,3.8
48,3.7
49,3.8
50,3.8
51,3.7
52,3.8
53,3.8
54,3.9
55,3.7
56,-0.1
57,3.8
58,4.0
59,3.8
60,-0.5
61,-0.2
62,3.8
63,-0.7
64,-0.2
65,3.7
66,-0.2
67,3.7
68,-0.2
69,-0.4
70,3.7
71,4.0
72,3.7
73,-0.6
74,3.9
75,3.7
76,-0.30000000000000004
77,-0.5
78,-0.30000000000000004
79,4.0
80,-0.1
81,3.8
82,-0.30000000000000004
83,-0.2
84,-0.30000000000000004
85,3.6
86,3.6
87,3.8
88,-0.4
89,-0.1
90,3.7
91,3.9
92,-0.2
93,3.7
94,3.9
95,3.9
96,-0.1
97,-0.30000000000000004
98,-0.4
99,-0.30000000000000004
100,-0.5
101,-0.1
102,3.8
103,3.9
104,-0.4
105,4.0
106,-0.30000000000000004
107,4.0
108,3.8
109,3.9
110,3.8
111,-0.4
112,3.7
113,3.8
114,3.9
115,-0.4
116,3.9
117,3.4
118,3.9
119,3.6
120,4.0
121,3.7
122,3.8
123,3.8
124,4.0
125,4.0
126,3.9
127,-0.7
128,4.0
129,-0.4
130,3.8
131,-0.30000000000000004
132,-0.30000000000000004
133,3.7
134,3.8
135,4.0
136,3.6
137,4.0
138,3.6
139,4.0
140,3.5
141,-0.5
142,3.8
143,-0.4
144,-0.30000000000000004
145,4.0
146,3.7
147,3.8
148,3.9
149,3.9
150,3.9
151,3.7
152,4.0
153,4.0
154,3.9
155,3.7
156,3.8
157,-0.1
158,3.8
159,3.9
160,-0.2
161,3.9
162,4.0
163,4.0
164,3.8
165,3.9
166,-0.5
167,3.9
168,3.8
169,4.0
170,4.0
171,4.0
172,3.8
173,4.0
174,3.8
175,-0.4
176,3.6
177,3.8
178,3.9
179,3.8
180,3.7
181,-0.4
182,3.9
183,3.9
184,3.8
185,3.8
186,3.8
187,3.9
188,3.8
189,3.8
190,3.9
191,3.7
192,-0.1
193,4.0
194,3.9
195,3.9
196,3.9
197,3.9
198,3.9
199,-0.4
200,3.9
201,4.0
202,3.7
203,-0.30000000000000004
204,-0.1
205,3.9
206,3.9
207,3.9
208,4.0
209,3.9
210,-0.2
211,-0.4
212,3.9
213,-0.5
214,-0.1
215,3.9
216,4.0
217,3.8
218,4.0
219,-0.1
220,3.8
221,4.0
222,3.7
223,-0.30000000000000004
224,3.7
225,3.6
226,-0.2
227,3.6
228,-0.30000000000000004
229,3.9
230,3.8
231,-0.2
232,-0.1
233,3.9
234,3.7
235,-0.30000000000000004
236,3.7
237,3.9
238,-0.2
239,3.9
240,3.8
241,3.8
242,3.7
243,3.9
244,3.5
245,3.8
246,3.7
247,3.4
248,3.8
249,-0.30000000000000004
250,4.0
251,3.9
252,-0.4
253,-0.30000000000000004
254,3.9
255,-0.2
256,3.8
257,4.0
258,3.9
259,4.0
260,3.9
261,-0.4
262,3.8
263,-0.2
264,3.7
265,-0.30000000000000004
266,3.5
267,-0.2
268,3.9
269,3.8
270,3.6
271,-0.1
272,3.5
273,3.9
274,3.9
275,-0.1
276,3.7
277,3.7
278,3.7
279,3.8
280,4.0
281,3.7
282,-0.4
283,3.8
284,4.0
285,4.0
286,4.0
287,3.7
288,3.5
289,-0.1
290,3.9
291,3.9
292,3.8
293,3.9
294,3.5
295,-0.1
296,3.9
297,3.9
298,-0.4
299,-0.2
300,3.6
301,3.8
302,-0.30000000000000004
303,-0.30000000000000004
304,3.8
305,3.9
306,3.9
307,3.9
308,3.8
309,3.9
310,3.9
311,-0.30000000000000004
312,-0.4
313,-0.30000000000000004
314,3.7
315,-0.2
316,3.6
317,-0.2
318,3.5
319,4.0
320,-0.2
321,4.0
322,-0.1
323,-0.5
324,-0.2
325,3.8
326,3.7
327,-0.30000000000000004
328,3.8
329,-0.1
330,3.9
331,-0.30000000000000004
332,-0.1
333,4.0
334,3.7
335,-0.2
336,-0.1
337,-0.4
338,-0.5
339,-0.30000000000000004
340,-0.30000000000000004
341,4.0
342,-0.4
343,3.8
344,-0.1
345,-0.30000000000000004
346,-0.30000000000000004
347,3.8
348,-0.2
349,3.5
350,4.0
351,3.9
352,4.0
353,-0.4
354,-0.30000000000000004
355,-0.1
356,3.8
357,3.9
358,3.8
359,3.8
360,3.9
361,-0.4
362,3.5
363,-0.2
364,3.7
365,3.9
366,3.9
367,-0.4
368,4.0
369,3.9
370,-0.8999999999999999
371,-0.30000000000000004
372,3.9
373,-0.30000000000000004
374,-0.30000000000000004
375,-0.4
376,4.0
377,4.0
378,3.9
379,-0.30000000000000004
380,3.8
381,3.9
382,-0.2
383,3.8
384,3.9
385,3.9
386,-0.1
387,-0.2
388,-0.30000000000000004
389,3.8
390,-0.2
391,-0.4
392,-0.4
393,-0.4
394,-0.30000000000000004
395,-0.30000000000000004
396,-0.1
397,3.8
398,3.8
399,3.6
400,-0.2
401,-0.30000000000000004
402,-0.2
403,-0.2
404,3.9
405,3.7
406,-0.4
407,-0.2
408,-0.6
409,-0.2
410,3.8
411,3.8
412,-0.4
413,-0.7999999999999999
414,-0.1
415,4.0
416,-0.1
417,3.9
418,-0.4
419,3.9
420,-0.8999999999999999
421,-0.2
422,3.8
423,3.7
424,-0.1
425,3.8
426,-0.4
427,4.0
428,-0.2
429,3.9
430,3.8
431,3.9
432,-0.4
433,-0.30000000000000004
434,-0.1
435,3.7
436,-0.4
437,3.7
438,3.9
439,4.0
440,-0.30000000000000004
441,3.6
442,-0.2
443,-0.30000000000000004
444,-0.1
445,-0.2
446,3.5
447,3.7
448,-0.1
449,-0.1
450,3.8
451,3.8
452,-0.30000000000000004
453,3.9
454,3.7
455,-0.30000000000000004
456,-0.30000000000000004
457,-0.1
458,-0.30000000000000004
459,3.7
460,3.7
461,-0.30000000000000004
462,3.8
463,-0.4
464,-0.1
465,3.3
466,3.9
467,-0.2
468,3.7
469,3.9
470,3.7
471,-0.1
472,-0.4
473,3.8
474,3.8
475,3.7
476,4.0
477,3.9
478,3.7
479,-0.30000000000000004
480,4.0
481,4.0
482,3.8
483,3.8
484,3.8
485,-0.4
486,3.7
487,3.9
488,3.8
489,-0.1
490,-0.30000000000000004
491,-0.1
492,3.9
493,3.4
494,-0.2
495,-0.2
496,-0.1
497,-0.4
498,3.9
499,3.7
500,3.7
501,3.5
502,3.9
503,3.7
504,-0.1
505,3.8
506,4.0
507,-0.30000000000000004
508,-0.30000000000000004
509,-0.1
510,3.8
511,3.9
512,3.7
513,-0.4
514,-0.30000000000000004
515,3.8
516,3.8
517,3.9
518,3.7
519,3.6
520,3.8
521,3.9
522,-0.1
523,-0.30000000000000004
524,-0.2
525,3.6
526,-0.2
527,-0.1
528,3.8
529,3.7
530,3.9
531,3.6
532,-0.30000000000000004
533,3.9
534,-0.2
535,-0.4
536,4.0
537,3.9
538,3.9
539,-0.2
540,3.9
541,4.0
542,3.8
543,-0.2
544,3.8
545,-0.5
546,3.8
547,-0.5
548,3.9
549,-0.1
550,3.7
551,-0.4
552,3.6
553,-0.4
554,3.7
555,-0.5
556,3.8
557,3.9
558,-0.7
559,-0.30000000000000004
560,-0.30000000000000004
561,-0.30000000000000004
562,4.0
563,-0.4
564,3.7
565,3.9
566,3.9
567,-0.2
568,-0.2
569,-0.30000000000000004
570,3.7
571,-0.4
572,-0.30000000000000004
573,-0.4
574,3.8
575,3.8
576,3.8
577,-0.1
578,-0.2
579,-0.6
580,3.9
581,3.9
582,3.8
583,3.6
584,-0.2
585,4.0
586,3.9
587,-0.1
588,4.0
589,-0.2
590,3.9
591,3.8
592,3.6
593,3.6
594,3.9
595,3.7
596,-0.2
597,3.9
598,3.9
599,3.5
600,-0.4
601,3.8
602,-0.2
603,3.8
604,3.7
605,-0.30000000000000004
606,3.9
607,-0.7
608,3.9
609,3.9
610,3.6
611,-0.30000000000000004
612,3.6
613,3.8
614,-0.2
615,4.0
616,3.9
617,3.8
618,-0.5
619,-0.2
620,-0.2
621,-0.1
622,3.6
623,3.9
624,3.9
625,3.8
626,3.9
627,3.9
628,4.0
629,4.0
630,-0.1
631,-0.2
632,-0.2
633,3.6
634,-0.1
635,-0.2
636,3.7
637,-0.2
638,-0.4
639,3.9
640,-0.5
641,3.8
642,3.7
643,4.0
644,4.0
645,3.8
646,3.4
647,-0.1
648,-0.1
649,-0.4
650,-0.30000000000000004
651,3.9
652,3.9
653,3.9
654,3.5
655,3.9
656,-0.1
657,3.9
658,-0.4
659,-0.2
660,-0.30000000000000004
661,-0.30000000000000004
662,3.6
663,3.6
664,3.6
665,3.7
666,4.0
667,-0.2
668,-0.2
669,-0.1
670,3.8
671,-0.30000000000000004
672,-0.1
673,-0.2
674,-0.30000000000000004
675,3.9
676,-0.6
677,3.9
678,3.8
679,3.7
680,-0.4
681,3.9
682,3.9
683,-0.4
684,-0.5
685,4.0
686,3.9
687,3.7
688,3.8
689,3.9
690,-0.5
691,3.9
692,-0.30000000000000004
693,-0.30000000000000004
694,-0.2
695,-0.4
696,3.8
697,4.0
698,-0.2
699,3.8
700,4.0
701,-0.4
702,3.7
703,3.8
704,-0.4
705,3.8
706,-0.2
707,4.0
708,-0.1
709,3.7
710,3.8
711,3.7
712,4.0
713,3.7
714,3.9
715,3.6
716,-0.4
717,4.0
718,4.0
719,3.7
720,4.0
721,-0.1
722,3.9
723,3.7
724,-0.2
725,3.7
726,-0.7
727,-0.7
728,-0.5
729,3.8
730,-0.2
731,-0.2
732,3.8
733,3.9
734,-0.1
735,3.9
736,3.9
737,-0.30000000000000004
738,4.0
739,-0.30000000000000004
740,3.8
741,3.3
742,-0.30000000000000004
743,4.0
744,3.8
745,4.0
746,3.8
747,-0.6
748,3.8
749,-0.30000000000000004
750,3.8
751,3.7
752,3.8
753,3.6
754,3.9
755,-0.30000000000000004
756,3.6
757,-0.2
758,3.9
759,-0.2
760,3.9
761,4.0
762,-0.2
763,-0.30000000000000004
764,-0.6
765,3.7
766,-0.1
767,3.7
768,3.8
769,3.9
770,3.7
771,-0.1
772,4.0
773,4.0
774,3.8
775,4.0
776,4.0
777,3.9
778,3.9
779,4.0
780,3.8
781,-0.30000000000000004
782,3.8
783,3.8
784,3.8
785,-0.30000000000000004
786,-0.30000000000000004
787,4.0
788,-0.2
789,3.9
790,-0.2
791,3.9
792,3.8
793,-0.30000000000000004
794,-0.4
795,-0.7
796,3.8
797,-0.2
798,-0.30000000000000004
799,-0.30000000000000004
800,-0.30000000000000004
801,3.9
802,3.3
803,3.6
804,-0.6
805,-0.4
806,3.7
807,-0.4
808,-0.30000000000000004
809,-0.5
810,-0.30000000000000004
811,-0.4
812,3.5
813,-0.2
814,-0.6
815,3.8
816,-0.1
817,3.8
818,-0.30000000000000004
819,-0.2
820,3.8
821,-0.2
822,-0.4
823,-0.1
824,3.7
825,-0.1
826,-0.2
827,-0.1
828,3.6
829,4.0
830,3.6
831,3.8
832,3.8
833,-0.4
834,3.5
835,3.9
836,3.4
837,-0.2
838,-0.30000000000000004
839,3.5
840,-0.30000000000000004
841,3.7
842,-0.30000000000000004
843,4.0
844,3.8
845,-0.30000000000000004
846,3.9
847,-0.2
848,3.9
849,4.0
850,-0.1
851,3.8
852,4.0
853,-0.4
854,3.8
855,-0.4
856,-0.4
857,3.8
858,3.7
859,4.0
860,-0.30000000000000004
861,-0.30000000000000004
862,3.9
863,-0.4
864,-0.2
865,3.7
866,3.8
867,-0.1
868,-0.4
869,3.6
870,3.5
871,3.8
872,-0.1
873,3.8
874,3.9
875,-0.4
876,-0.4
877,-0.1
878,4.0
879,4.0
880,-0.2
881,-0.1
882,3.8
883,3.9
884,3.8
885,-0.30000000000000004
886,-0.4
887,-0.5
888,3.9
889,-0.2
890,-0.1
891,-0.2
892,4.0
893,-0.1
894,4.0
895,-0.4
896,3.7
897,-0.5
898,-0.4
899,-0.30000000000000004
900,4.0
901,3.7
902,3.9
903,4.0
904,-0.30000000000000004
905,3.8
906,3.9
907,3.9
908,3.7
909,-0.30000000000000004
910,3.8
911,-0.2
912,-0.1
913,-0.5
914,-0.2
915,3.9
916,4.0
917,3.9
918,-0.30000000000000004
919,3.5
920,4.0
921,-0.4
922,-0.2
923,-0.5
924,3.9
925,3.8
926,4.0
927,3.8
928,-0.2
929,3.9
930,-0.1
931,-0.1
932,4.0
933,3.9
934,4.0
935,4.0
936,3.9
937,-0.30000000000000004
938,3.8
939,-0.2
940,3.9
941,-0.30000000000000004
942,3.9
943,-0.4
944,4.0
945,3.9
946,3.9
947,3.7
948,3.9
949,-0.2
950,-0.2
951,4.0
952,-0.2
953,3.8
954,3.7
955,-0.1
956,3.8
957,3.7
958,3.8
959,3.9
960,3.8
961,3.9
962,-0.1
963,4.0
964,3.6
965,4.0
966,-0.30000000000000004
967,-0.2
968,-0.30000000000000004
969,3.8
970,3.7
971,-0.5
972,3.9
973,3.7
974,-0.1
975,-0.30000000000000004
976,-0.30000000000000004
977,3.9
978,3.8
979,3.8
980,3.9
981,3.6
982,-0.2
983,4.0
984,-0.5
985,3.6
986,3.9
987,3.9
988,4.0
989,3.7
990,3.7
991,4.0
992,3.9
993,-0.9999999999999999
994,-1.8000000000000005
995,-1.2
996,3.8
997,-0.7
998,-0.4
999,3.9
1000,-0.30000000000000004
1001,-0.2
1002,3.9
1003,-0.30000000000000004
1004,-0.5
1005,3.8
1006,3.7
1007,-0.2
1008,-0.2
1009,-0.30000000000000004
1010,3.9
1011,3.9
1012,3.9
1013,4.0
1014,4.0
1015,-0.2
1016,-0.5
1017,-0.6
1018,4.0
1019,-0.30000000000000004
1020,-0.2
1021,3.9
1022,-0.4
1023,3.8
1024,-0.2
1025,3.5
1026,-0.2
1027,3.8
1028,4.0
1029,4.0
1030,4.0
1031,3.9
1032,3.8
1033,3.9
1034,4.0
1035,-0.1
1036,3.9
1037,-0.4
1038,3.1
1039,3.9
1040,-0.2
1041,3.9
1042,4.0
1043,-0.30000000000000004
1044,4.0
1045,-0.4
1046,-0.1
1047,-0.2
1048,-0.30000000000000004
1049,3.8
1050,3.9
1051,3.9
1052,-0.2
1053,3.6
1054,-0.9999999999999999
1055,-0.30000000000000004
1056,-0.7
1057,-0.2
1058,-0.2
1059,3.8
1060,-0.1
1061,3.8
1062,-0.2
1063,3.7
1064,-0.5
1065,-0.2
1066,3.7
1067,3.9
1068,3.7
1069,3.8
1070,3.5
1071,-0.1
1072,-0.4
1073,-0.4
1074,-0.1
1075,4.0
1076,-0.1
1077,3.9
1078,3.7
1079,4.0
1080,-0.2
1081,-0.2
1082,-0.5
1083,3.6
1084,3.9
1085,-0.4
1086,3.9
1087,3.7
1088,3.9
1089,3.7
1090,3.9
1091,3.9
1092,3.8
1093,4.0
1094,-0.5
1095,3.7
1096,-0.30000000000000004
1097,3.7
1098,4.0
1099,3.8
1100,-0.2
1101,4.0
1102,3.5
1103,-0.2
1104,-0.4
1105,4.0
1106,4.0
1107,3.9
1108,3.7
1109,3.6
1110,-0.30000000000000004
1111,4.0
1112,4.0
1113,-0.30000000000000004
1114,3.9
1115,3.9
1116,3.9
1117,-0.4
1118,3.7
1119,-0.30000000000000004
1120,-0.1
1121,-0.2
1122,-0.1
1123,-0.30000000000000004
1124,-0.1
1125,-0.2
1126,3.8
1127,-0.1
1128,3.6
1129,-0.30000000000000004
1130,-0.1
1131,3.7
1132,3.9
1133,4.0
1134,3.9
1135,3.7
1136,-0.2
1137,3.9
1138,-0.1
1139,3.9
1140,3.7
1141,-0.4
1142,-0.1
1143,3.8
1144,-0.1
1145,-0.1
1146,3.9
1147,3.8
1148,-0.30000000000000004
1149,3.7
1150,-0.2
1151,-0.1
1152,-0.1
1153,3.8
1154,3.8
1155,-0.5
1156,3.9
1157,3.7
1158,4.0
1159,-0.1
1160,-0.30000000000000004
1161,-0.30000000000000004
1162,3.7
1163,3.7
1164,-0.2
1165,3.7
1166,4.0
1167,-0.1
1168,3.9
1169,3.6
1170,3.7
1171,3.9
1172,-0.6
1173,3.7
1174,-0.1
1175,-0.1
1176,-0.1
1177,3.9
1178,-0.1
1179,3.9
1180,-0.4
1181,4.0
1182,-0.30000000000000004
1183,-0.5
1184,4.0
1185,3.8
1186,-0.30000000000000004
1187,-0.1
1188,3.7
1189,3.8
1190,-0.4
1191,3.8
1192,-0.30000000000000004
1193,3.6
1194,-0.2
1195,4.0
1196,-0.2
1197,4.0
1198,3.8
1199,3.9
1200,3.9
1201,4.0
1202,-0.30000000000000004
1203,3.7
1204,3.8
1205,3.8
1206,3.9
1207,4.0
1208,4.0
1209,3.7
1210,3.9
1211,-0.4
1212,-0.2
1213,-0.1
1214,-0.2
1215,3.7
1216,3.9
1217,-0.2
1218,-0.4
1219,3.7
1220,-0.4
1221,3.6
1222,3.9
1223,3.6
1224,-0.4
1225,4.0
1226,3.9
1227,3.9
1228,-0.30000000000000004
1229,-0.2
1230,3.8
1231,-0.4
1232,4.0
1233,-0.6
1234,3.8
1235,3.8
1236,3.7
1237,3.8
1238,-0.2
1239,-0.30000000000000004
1240,-0.30000000000000004
1241,-0.1
1242,-0.4
1243,-0.4
1244,-0.1
1245,-0.30000000000000004
1246,-0.30000000000000004
1247,-0.2
1248,3.6
1249,-0.1
1250,4.0
1251,3.7
1252,-0.5
1253,3.9
1254,-0.4
1255,3.6
1256,-0.4
1257,3.6
1258,3.9
1259,-0.2
1260,-0.9999999999999999
1261,-0.1
1262,-0.2
1263,3.6
1264,-0.30000000000000004
1265,3.9
1266,-0.1
1267,3.9
1268,-0.30000000000000004
1269,3.7
1270,-0.30000000000000004
1271,4.0
1272,4.0
1273,3.9
1274,-0.2
1275,3.9
1276,3.6
1277,-0.2
1278,-0.1
1279,4.0
1280,3.9
1281,3.8
1282,3.9
1283,-0.30000000000000004
1284,-0.30000000000000004
1285,4.0
1286,3.6
1287,-0.2
1288,-0.30000000000000004
1289,-0.2
1290,-0.30000000000000004
1291,3.8
1292,3.9
1293,-0.30000000000000004
1294,-0.5
1295,3.9
1296,-0.2
1297,3.8
1298,-0.2
1299,4.0
1300,3.9
1301,3.8
1302,3.5
1303,-0.2
1304,-0.1
1305,3.6
1306,-0.1
1307,3.9
1308,-0.6
1309,-0.30000000000000004
1310,-0.2
1311,-0.1
1312,-0.30000000000000004
1313,-0.4
1314,-0.4
1315,3.9
1316,3.9
1317,3.9
1318,-0.4
1319,-0.30000000000000004
1320,4.0
1321,4.0
1322,3.8
1323,4.0
1324,3.9
1325,4.0
1326,-0.2
1327,-0.1
1328,-0.2
1329,-0.30000000000000004
1330,-0.4
1331,-0.5
1332,3.3
1333,3.9
1334,-0.1
1335,3.8
1336,3.6
1337,3.8
1338,4.0
1339,-0.1
1340,-0.2
1341,4.0
1342,3.7
1343,-0.4
1344,3.7
1345,4.0
1346,3.9
1347,4.0
1348,3.8
1349,3.9
1350,3.8
1351,4.0
1352,3.8
1353,4.0
1354,3.8
1355,-0.4
1356,-0.5
1357,-0.1
1358,3.6
1359,-0.4
1360,-0.2
1361,-0.4
1362,3.6
1363,-0.4
1364,-0.1
1365,-0.1
1366,-0.30000000000000004
1367,4.0
1368,-0.2
1369,3.8
1370,3.8
1371,-0.6
1372,3.8
1373,4.0
1374,-0.4
1375,3.9
1376,3.7
1377,3.8
1378,3.8
1379,3.9
1380,3.9
1381,3.8
1382,3.7
1383,3.9
1384,-0.5
1385,-0.4
1386,-0.2
1387,3.8
1388,3.7
1389,-0.30000000000000004
1390,-0.4
1391,-0.4
1392,-0.2
1393,3.9
1394,-0.4
1395,-0.2
1396,-0.30000000000000004
1397,-0.2
1398,3.8
1399,-0.4
1400,-0.1
1401,-0.30000000000000004
1402,3.8
1403,-0.1
1404,-0.30000000000000004
1405,-0.30000000000000004
1406,-0.30000000000000004
1407,3.8
1408,4.0
1409,-0.30000000000000004
1410,-0.4
1411,3.8
1412,3.9
1413,3.9
1414,-0.30000000000000004
1415,3.7
1416,3.8
1417,4.0
1418,4.0
1419,-0.30000000000000004
1420,-0.2
1421,-0.5
1422,3.9
1423,-0.30000000000000004
1424,-0.30000000000000004
1425,-0.5
1426,-0.1
1427,-0.2
1428,-0.30000000000000004
1429,3.7
1430,-0.6
1431,3.8
1432,-0.30000000000000004
1433,3.9
1434,-0.1
1435,3.8
1436,3.8
1437,3.7
1438,4.0
1439,4.0
1440,-0.30000000000000004
1441,-0.1
1442,3.9
1443,-0.2
1444,3.7
1445,3.9
1446,-0.30000000000000004
1447,3.9
1448,3.8
1449,3.8
1450,-0.30000000000000004
1451,-0.2
1452,4.0
1453,3.7
1454,3.8
1455,3.7
1456,-0.1
1457,-0.4
1458,3.9
1459,3.7
1460,3.8
1461,-0.2
1462,3.9
1463,4.0
1464,-0.30000000000000004
1465,3.9
1466,-0.30000000000000004
1467,3.8
1468,3.9
1469,3.8
1470,3.8
1471,3.8
1472,3.8
1473,-0.30000000000000004
1474,-0.5
1475,3.7
1476,4.0
1477,3.9
1478,3.6
1479,3.9
1480,3.9
1481,-1.5000000000000002
1482,-0.9999999999999999
1483,-1.3
1484,-1.0999999999999999
1485,-0.7
1486,-0.30000000000000004
1487,4.0
1488,3.9
1489,-0.2
1490,3.8
1491,-0.1
1492,3.8
1493,3.8
1494,-0.6
1495,-0.30000000000000004
1496,-0.4
1497,3.4
1498,-0.2
1499,-0.4
1500,4.0
1501,-0.4
1502,4.0
1503,3.8
1504,3.9
1505,3.7
1506,-0.2
1507,-0.30000000000000004
1508,-0.1
1509,-0.30000000000000004
1510,-0.30000000000000004
1511,3.7
1512,-0.30000000000000004
1513,3.6
1514,3.9
1515,-0.5
1516,3.8
1517,-0.30000000000000004
1518,3.7
1519,-0.2
1520,-0.30000000000000004
1521,3.9
1522,3.8
1523,-0.30000000000000004
1524,-0.1
1525,3.9
1526,3.5
1527,-0.2
1528,3.8
1529,-0.2
1530,3.7
1531,-0.2
1532,3.7
1533,3.9
1534,-0.5
1535,3.8
1536,3.9
1537,3.8
1538,4.0
1539,3.8
1540,3.7
1541,-0.2
1542,3.9
1543,-0.1
1544,3.9
1545,3.6
1546,-0.1
1547,3.9
1548,3.8
1549,3.8
1550,-0.1
1551,3.9
1552,-0.2
1553,4.0
1554,-0.30000000000000004
1555,3.7
1556,-0.30000000000000004
1557,3.9
1558,-0.30000000000000004
1559,3.9
1560,-0.4
1561,4.0
1562,-0.2
1563,-0.4
1564,-0.30000000000000004
1565,3.9
1566,-0.30000000000000004
1567,3.9
1568,-0.1
1569,-0.1
1570,3.7
1571,3.9
1572,-0.5
1573,-0.4
1574,3.8
1575,-0.2
1576,3.8
1577,3.9
1578,3.8
1579,3.9
1580,-0.2
1581,-0.1
1582,-0.2
1583,3.8
1584,-0.6
1585,-0.5
1586,3.8
1587,3.8
1588,-0.30000000000000004
1589,3.6
1590,-0.30000000000000004
1591,3.9
1592,3.6
1593,3.9
1594,3.8
1595,3.9
1596,4.0
1597,-0.1
1598,3.9
1599,3.6
1600,-0.1
1601,3.5
1602,3.7
1603,3.6
1604,3.9
1605,3.7
1606,3.8
1607,-0.2
1608,3.8
1609,-0.30000000000000004
1610,3.7
1611,-0.30000000000000004
1612,-0.1
1613,3.9
1614,-0.2
1615,3.7
1616,3.9
1617,3.8
1618,-0.6
1619,4.0
1620,3.9
1621,3.7
1622,3.9
1623,-0.2
1624,4.0
1625,3.8
1626,-0.4
1627,-0.2
1628,-0.1
1629,-0.1
1630,3.9
1631,-0.1
1632,3.7
1633,-0.2
1634,-0.2
1635,4.0
1636,3.7
1637,3.6
1638,3.8
1639,3.8
1640,-0.1
1641,3.9
1642,3.7
1643,4.0
1644,3.8
1645,3.9
1646,3.8
1647,-1.3
1648,-0.8999999999999999
1649,-0.1
1650,-0.5
1651,3.9
1652,3.9
1653,4.0
1654,3.7
1655,-0.1
1656,3.9
1657,3.8
1658,3.9
1659,-0.2
1660,3.8
1661,-0.1
1662,3.8
1663,-0.30000000000000004
1664,3.9
1665,3.9
1666,-0.6
1667,4.0
1668,3.5
1669,3.9
1670,3.9
1671,3.9
1672,-0.4
1673,4.0
1674,-0.1
1675,3.6
1676,-0.30000000000000004
1677,-0.30000000000000004
1678,3.8
1679,-0.2
1680,4.0
1681,-0.30000000000000004
1682,-0.5
1683,4.0
1684,3.9
1685,3.9
1686,-0.30000000000000004
1687,4.0
1688,-0.2
1689,-0.30000000000000004
1690,3.7
1691,3.8
1692,4.0
1693,-0.4
1694,-0.6
1695,-0.2
1696,3.8
1697,-0.1
1698,3.9
1699,-0.7
1700,3.7
1701,-0.1
1702,3.9
1703,4.0
1704,4.0
1705,-0.1
1706,-0.30000000000000004
1707,-0.30000000000000004
1708,3.6
1709,-0.30000000000000004
1710,3.7
1711,-0.1
1712,3.6
1713,4.0
1714,4.0
1715,3.8
1716,4.0
1717,-0.5
1718,-0.30000000000000004
1719,-0.2
1720,3.8
1721,3.7
1722,3.9
1723,-0.4
1724,-0.2
1725,-0.2
1726,3.9
1727,-0.30000000000000004
1728,3.9
1729,-0.2
1730,-0.30000000000000004
1731,4.0
1732,-0.30000000000000004
1733,-0.30000000000000004
1734,3.9
1735,-0.30000000000000004
1736,3.8
1737,3.8
1738,3.6
1739,3.7
1740,-0.1
1741,3.7
1742,-0.4
1743,-0.2
1744,3.8
1745,-0.2
1746,-0.1
1747,3.9
1748,3.9
1749,-0.2
1750,3.7
1751,4.0
1752,-0.1
1753,-0.4
1754,3.8
1755,3.9
1756,-0.5
1757,-0.4
1758,3.8
1759,4.0
1760,3.8
1761,3.5
1762,-0.1
1763,3.8
1764,-0.30000000000000004
1765,-0.1
1766,-0.2
1767,3.7
1768,-0.4
1769,4.0
1770,4.0
1771,-0.4
1772,-0.5
1773,4.0
1774,4.0
1775,-0.4
1776,-0.4
1777,-0.4
1778,-0.2
1779,3.9
1780,3.9
1781,-0.2
1782,-0.2
1783,-0.4
1784,-0.1
1785,-0.2
1786,3.9
1787,3.8
1788,3.8
1789,-0.4
1790,3.7
1791,-0.5
1792,-0.5
1793,-0.6
1794,3.8
1795,-0.4
1796,-0.6
1797,3.9
1798,-0.2
1799,-0.2
1800,-0.4
1801,3.9
1802,4.0
1803,-0.30000000000000004
1804,3.9
1805,3.9
1806,4.0
1807,3.7
1808,-0.2
1809,3.6
1810,-0.4
1811,-0.2
1812,-0.4
1813,-0.1
1814,-0.1
1815,3.7
1816,3.6
1817,-0.2
1818,-0.2
1819,3.7
1820,3.8
1821,-0.30000000000000004
1822,-0.1
1823,3.7
1824,3.7
1825,-0.4
1826,3.6
1827,-0.1
1828,-0.30000000000000004
1829,4.0
1830,-0.2
1831,-0.4
1832,3.9
1833,-0.2
1834,-0.4
1835,-0.30000000000000004
1836,-0.2
1837,-0.1
1838,-0.2
1839,-0.2
1840,-0.30000000000000004
1841,3.6
1842,3.8
1843,-0.1
1844,4.0
1845,3.8
1846,-0.1
1847,3.9
1848,-0.6
1849,-0.1
1850,-0.4
1851,3.8
1852,3.8
1853,-0.2
1854,-0.4
1855,3.8
1856,-0.30000000000000004
1857,-0.2
1858,-0.2
1859,-0.1
1860,3.8
1861,-0.2
1862,-0.30000000000000004
1863,-0.30000000000000004
1864,3.9
1865,-0.2
1866,3.6
1867,3.5
1868,3.7
1869,3.9
1870,3.9
1871,3.9
1872,3.9
1873,3.8
1874,3.6
1875,3.9
1876,-0.30000000000000004
1877,3.7
1878,3.9
1879,4.0
1880,3.9
1881,3.7
1882,-0.30000000000000004
1883,-0.4
1884,-0.1
1885,4.0
1886,-0.5
1887,-0.1
1888,-0.5
1889,-0.1
1890,3.9
1891,3.8
1892,3.9
1893,3.9
1894,3.7
1895,-0.30000000000000004
1896,-0.1
1897,3.6
1898,3.8
1899,3.8
1900,3.9
1901,-0.1
1902,3.9
1903,-0.4
1904,4.0
1905,3.8
1906,-0.2
1907,-0.2
1908,-0.30000000000000004
1909,3.7
1910,3.8
1911,3.8
1912,-0.5
1913,4.0
1914,-0.30000000000000004
1915,-0.2
1916,-0.1
1917,3.7
1918,-0.2
1919,-0.30000000000000004
1920,3.8
1921,-0.5
1922,3.7
1923,3.8
1924,-0.4
1925,-0.30000000000000004
1926,3.8
1927,-0.30000000000000004
1928,-0.1
1929,-0.30000000000000004
1930,4.0
1931,-0.2
1932,-0.6
1933,-0.30000000000000004
1934,3.8
1935,-0.1
1936,3.8
1937,-0.30000000000000004
1938,3.9
1939,3.8
1940,4.0
1941,3.8
1942,-0.5
1943,3.7
1944,-0.1
1945,3.7
1946,-0.30000000000000004
1947,-0.30000000000000004
1948,-0.5
1949,3.8
1950,-0.4
1951,3.6
1952,3.7
1953,3.9
1954,-0.1
1955,3.7
1956,-0.1
1957,-0.30000000000000004
1958,4.0
1959,3.9
1960,3.9
1961,-0.4
1962,3.8
1963,4.0
1964,3.7
1965,-0.2
1966,-0.1
1967,3.5
1968,-0.1
1969,3.8
1970,-0.2
1971,3.7
1972,3.9
1973,4.0
1974,-0.1
1975,-0.2
1976,4.0
1977,-0.7
1978,-0.2
1979,-0.1
1980,3.9
1981,-0.30000000000000004
1982,-0.4
1983,3.8
1984,-0.30000000000000004
1985,-0.6
1986,3.8
1987,-0.30000000000000004
1988,4.0
1989,3.9
1990,-0.4
1991,-0.30000000000000004
1992,3.8
1993,3.9
1994,3.8
1995,-0.1
1996,-0.30000000000000004
1997,3.7
1998,4.0
1999,4.0
2000,-0.5
2001,-0.1
2002,3.9
2003,3.9
2004,4.0
2005,3.9
2006,3.9
2007,4.0
2008,3.9
2009,3.8
2010,-0.30000000000000004
2011,-0.30000000000000004
2012,3.9
2013,-0.2
2014,3.8
2015,-0.2
2016,3.7
2017,-0.5
2018,-0.2
2019,-0.30000000000000004
2020,-0.4
2021,3.7
2022,-0.30000000000000004
2023,4.0
2024,-0.2
2025,3.8
2026,3.9
2027,-0.4
2028,-0.4
2029,3.8
2030,4.0
2031,-0.2
2032,3.6
2033,-0.2
2034,3.9
2035,3.7
2036,4.0
2037,-0.1
2038,-0.30000000000000004
2039,3.7
2040,3.7
2041,-0.4
2042,-0.2
2043,-0.1
2044,-0.30000000000000004
2045,4.0
2046,3.8
2047,3.8
2048,4.0
2049,3.9
2050,3.8
2051,3.8
2052,-0.1
2053,3.9
2054,3.6
2055,3.9
2056,3.8
2057,3.8
2058,-1.0999999999999999
2059,-0.8999999999999999
2060,-1.0999999999999999
2061,-0.2
2062,3.7
2063,-0.30000000000000004
2064,3.8
2065,-0.2
2066,-0.2
2067,-0.5
2068,-0.1
2069,4.0
2070,-0.2
2071,-0.5
2072,-0.2
2073,-0.1
2074,3.9
2075,3.9
2076,3.7
2077,3.6
2078,3.8
2079,3.9
2080,3.7
2081,-0.1
2082,4.0
2083,4.0
2084,-0.30000000000000004
2085,4.0
2086,4.0
2087,3.7
2088,-0.2
2089,-0.7
2090,3.7
2091,-0.2
2092,-0.30000000000000004
2093,-0.1
2094,3.4
2095,4.0
2096,4.0
2097,-0.30000000000000004
2098,-0.2
2099,-0.2
2100,3.8
2101,-0.5
2102,3.7
2103,-0.4
2104,-0.30000000000000004
2105,-0.2
2106,-0.2
2107,3.9
2108,-0.2
2109,-0.1
2110,-0.2
2111,-0.30000000000000004
2112,4.0
2113,-0.1
2114,4.0
2115,3.7
2116,3.9
2117,-0.30000000000000004
2118,3.5
2119,3.7
2120,-0.5
2121,-0.30000000000000004
2122,-0.4
2123,-0.4
2124,4.0
2125,4.0
2126,-0.4
2127,-0.30000000000000004
2128,-0.30000000000000004
2129,-0.2
2130,3.9
2131,3.9
2132,-0.2
2133,4.0
2134,3.4
2135,-0.4
2136,3.8
2137,3.7
2138,-0.4
2139,3.7
2140,4.0
2141,3.9
2142,-0.5
2143,-0.30000000000000004
2144,-0.2
2145,-0.4
2146,4.0
2147,-0.2
2148,-0.1
2149,-0.6
2150,3.8
2151,-0.4
2152,3.9
2153,3.9
2154,-0.2
2155,4.0
2156,3.9
2157,3.8
2158,3.9
2159,3.8
2160,-0.30000000000000004
2161,3.8
2162,3.8
2163,-0.1
2164,-0.1
2165,3.8
2166,3.8
2167,-0.2
2168,3.9
2169,-0.30000000000000004
2170,3.7
2171,4.0
2172,4.0
2173,-0.2
2174,3.8
2175,3.6
2176,3.7
2177,3.8
2178,-0.2
2179,-0.30000000000000004
2180,3.7
2181,3.7
2182,4.0
2183,4.0
2184,-0.1
2185,-0.30000000000000004
2186,-0.1
2187,3.8
2188,3.8
2189,-0.2
2190,3.9
2191,3.7
2192,3.9
2193,-0.2
2194,-0.2
2195,3.8
2196,3.9
2197,-0.1
2198,-0.30000000000000004
2199,-0.30000000000000004
2200,4.0
2201,3.9
2202,-0.30000000000000004
2203,-0.2
2204,-0.30000000000000004
2205,3.6
2206,3.7
2207,4.0
2208,3.8
2209,3.9
2210,-0.2
2211,4.0
2212,4.0
2213,-0.1
2214,3.9
2215,3.9
2216,-0.4
2217,-1.0999999999999999
2218,3.8
2219,-1.7000000000000004
2220,-0.4
2221,-0.30000000000000004
2222,-0.2
2223,-0.2
2224,-0.2
2225,-0.2
2226,3.7
2227,-0.1
2228,3.9
2229,3.8
2230,3.9
2231,-0.2
2232,3.9
2233,3.7
2234,-0.5
2235,3.3
2236,-0.2
2237,3.9
2238,3.9
2239,-0.1
2240,3.9
2241,-0.30000000000000004
2242,3.9
2243,-0.1
2244,-0.4
2245,3.8
2246,-0.30000000000000004
2247,3.9
2248,4.0
2249,3.9
2250,3.8
2251,-0.5
2252,3.9
2253,-0.30000000000000004
2254,4.0
2255,3.7
2256,4.0
2257,3.7
2258,3.5
2259,4.0
2260,-0.2
2261,-0.4
2262,-0.2
2263,-0.4
2264,3.8
2265,3.9
2266,3.9
2267,3.9
2268,3.6
2269,-0.1
2270,-0.30000000000000004
2271,3.7
2272,-0.9999999999999999
2273,3.9
2274,-1.0999999999999999
2275,3.8
2276,-0.30000000000000004
2277,3.8
2278,3.9
2279,-0.30000000000000004
2280,-0.2
2281,-0.2
2282,3.7
2283,3.8
2284,3.9
2285,4.0
2286,-0.2
2287,3.8
2288,-0.2
2289,4.0
2290,3.7
2291,-0.2
2292,3.9
2293,-0.30000000000000004
2294,-0.30000000000000004
2295,3.7
2296,3.9
2297,-0.2
2298,3.8
2299,-0.4
2300,-0.6
2301,3.9
2302,-0.1
2303,3.9
2304,3.6
2305,3.9
2306,3.8
2307,-0.4
2308,4.0
2309,3.6
2310,4.0
2311,3.7
2312,3.6
2313,3.8
2314,3.9
2315,3.8
2316,-0.30000000000000004
2317,4.0
2318,-2.500000000000001
2319,-0.30000000000000004
2320,3.7
2321,-0.2
2322,-0.4
2323,-0.4
2324,-0.5
2325,-0.1
2326,3.6
2327,-0.1
2328,3.9
2329,3.9
2330,-0.1
2331,-0.2
2332,3.7
2333,3.9
2334,3.8
2335,3.5
2336,-0.2
2337,-0.30000000000000004
2338,-0.1
2339,-0.2
2340,-0.5
2341,3.9
2342,-0.30000000000000004
2343,-0.1
2344,-0.1
2345,3.9
2346,-0.30000000000000004
2347,3.7
2348,3.9
2349,-0.4
2350,3.9
2351,3.8
2352,4.0
2353,-0.30000000000000004
2354,-0.30000000000000004
2355,3.9
2356,-0.30000000000000004
2357,3.9
2358,3.8
2359,3.8
2360,3.6
2361,-0.4
2362,-0.1
2363,-0.5
2364,3.6
2365,-0.2
2366,3.9
2367,3.6
2368,3.8
2369,3.7
2370,-0.30000000000000004
2371,-0.30000000000000004
2372,-0.30000000000000004
2373,-0.1
2374,3.9
2375,4.0
2376,-0.1
2377,-0.1
2378,4.0
2379,-0.1
2380,3.9
2381,-0.4
2382,-0.5
2383,-0.5
2384,-0.2
2385,3.9
2386,3.7
2387,3.7
2388,-0.30000000000000004
2389,-0.1
2390,-0.7
2391,-0.2
2392,-0.30000000000000004
2393,4.0
2394,-0.5
2395,-0.1
2396,3.8
2397,3.6
2398,3.8
2399,-0.30000000000000004
2400,-0.4
2401,3.8
2402,-0.4
2403,3.9
2404,3.7
2405,3.8
2406,-0.8999999999999999
2407,-0.5
2408,-0.1
2409,3.7
2410,3.9
2411,3.8
2412,-0.4
2413,3.6
2414,3.4
2415,-0.2
2416,3.5
2417,-0.2
2418,3.5
2419,3.7
2420,3.8
2421,-0.5
2422,3.8
2423,3.6
2424,-0.4
2425,3.7
2426,3.8
2427,3.8
2428,3.7
2429,3.9
2430,-0.2
2431,3.9
2432,3.8
2433,3.9
2434,-0.2
2435,-0.30000000000000004
2436,3.7
2437,3.9
2438,3.9
2439,-0.30000000000000004
2440,3.7
2441,4.0
2442,3.7
2443,-0.30000000000000004
2444,4.0
2445,3.9
2446,-0.2
2447,-0.4
2448,-0.30000000000000004
2449,3.9
2450,3.8
2451,3.8
2452,-0.5
2453,-0.1
2454,3.8
2455,-0.30000000000000004
2456,-0.2
2457,-0.30000000000000004
2458,3.5
2459,3.6
2460,-2.700000000000001
2461,3.8
2462,3.9
2463,-0.4
2464,3.6
2465,4.0
2466,3.9
2467,-0.1
2468,-0.4
2469,-0.4
2470,-0.2
2471,3.7
2472,3.8
2473,3.9
2474,4.0
2475,3.7
2476,3.8
2477,3.6
2478,3.8
2479,-0.7999999999999999
2480,-1.3
2481,-0.1
2482,3.7
2483,-0.5
2484,-0.2
2485,-0.2
2486,3.8
2487,3.7
2488,3.8
2489,-0.5
2490,-0.30000000000000004
2491,3.8
2492,3.8
2493,-0.1
2494,-0.30000000000000004
2495,3.9
2496,-0.30000000000000004
2497,-0.1
2498,4.0
2499,3.8
2500,3.7
2501,-0.1
2502,4.0
2503,3.6
2504,3.9
2505,3.8
2506,-0.30000000000000004
2507,-0.4
2508,-0.2
2509,-0.30000000000000004
2510,-0.2
2511,-0.30000000000000004
2512,4.0
2513,3.9
2514,3.9
2515,-0.2
2516,-0.1
2517,3.9
2518,3.8
2519,4.0
2520,3.6
2521,-0.2
2522,4.0
2523,-0.1
2524,3.6
2525,-0.2
2526,-0.4
2527,-0.2
2528,-0.4
2529,-0.1
2530,4.0
2531,-0.30000000000000004
2532,4.0
2533,-0.6
2534,-0.2
2535,-0.1
2536,4.0
2537,3.8
2538,-0.1
2539,3.9
2540,4.0
2541,-0.4
2542,-0.30000000000000004
2543,-0.30000000000000004
2544,3.9
2545,3.8
2546,-0.4
2547,3.7
2548,3.8
2549,-0.5
2550,-0.1
2551,3.7
2552,3.9
2553,-0.30000000000000004
2554,-0.2
2555,3.9
2556,3.9
2557,3.9
2558,3.9
2559,3.9
2560,3.7
2561,-0.1
2562,-0.2
2563,-0.4
2564,-0.5
2565,3.5
2566,4.0
2567,-0.1
2568,-0.1
2569,4.0
2570,-0.4
2571,3.9
2572,3.6
2573,3.9
2574,-0.1
2575,-0.1
2576,3.8
2577,3.6
2578,-0.4
2579,-0.4
2580,-0.30000000000000004
2581,4.0
2582,-0.2
2583,3.7
2584,3.6
2585,3.9
2586,3.9
2587,-0.2
2588,4.0
2589,3.8
2590,3.9
2591,3.7
2592,-0.30000000000000004
2593,-0.2
2594,3.7
2595,3.9
2596,3.7
2597,3.6
2598,4.0
2599,3.7
2600,3.5
2601,-0.30000000000000004
2602,-0.4
2603,3.4
2604,4.0
2605,4.0
2606,3.9
2607,-0.1
2608,3.9
2609,3.8
2610,3.5
2611,3.9
2612,-0.2
2613,3.9
2614,-0.5
2615,4.0
2616,-0.2
2617,3.4
2618,3.7
2619,3.9
2620,-0.30000000000000004
2621,3.8
2622,4.0
2623,3.9
2624,-0.2
2625,-0.4
2626,3.8
2627,-0.2
2628,4.0
2629,3.9
2630,-0.4
2631,-0.30000000000000004
2632,-0.4
2633,3.8
2634,3.6
2635,-0.1
2636,3.9
2637,-0.2
2638,-0.30000000000000004
2639,-0.4
2640,3.7
2641,-0.2
2642,-0.4
2643,3.7
2644,-0.30000000000000004
2645,-0.5
2646,3.7
2647,-0.2
2648,-0.30000000000000004
2649,3.7
2650,-0.30000000000000004
2651,3.5
2652,-0.2
2653,3.8
2654,3.9
2655,3.8
2656,-0.1
2657,3.7
2658,-0.1
2659,-0.1
2660,-0.2
2661,3.6
2662,-0.2
2663,-0.2
2664,3.6
2665,3.7
2666,-0.2
2667,-0.4
2668,-0.30000000000000004
2669,-0.7999999999999999
2670,-0.30000000000000004
2671,3.8
2672,3.6
2673,-0.2
2674,3.9
2675,3.8
2676,3.8
2677,-0.2
2678,4.0
2679,-0.30000000000000004
2680,-0.4
2681,3.8
2682,-0.2
2683,-0.4
2684,-0.2
2685,3.9
2686,-0.2
2687,-0.30000000000000004
2688,-0.4
2689,3.9
2690,-0.30000000000000004
2691,-0.1
2692,-0.1
2693,-0.30000000000000004
2694,4.0
2695,-0.2
2696,-0.30000000000000004
2697,3.7
2698,3.7
2699,-0.30000000000000004
2700,3.6
2701,-0.2
2702,3.7
2703,3.9
2704,-0.2
2705,-0.2
2706,-0.30000000000000004
2707,-0.2
2708,-0.1
2709,3.9
2710,-0.4
2711,4.0
2712,-0.4
2713,-0.30000000000000004
2714,3.9
2715,-0.2
2716,3.9
2717,3.5
2718,-0.4
2719,3.9
2720,-0.2
2721,-0.1
2722,3.4
2723,3.8
2724,-0.4
2725,4.0
2726,4.0
2727,3.8
2728,-0.4
2729,3.7
2730,-0.1
2731,-0.2
2732,3.9
2733,4.0
2734,-0.2
2735,-0.30000000000000004
2736,-0.1
2737,-0.1
2738,-0.2
2739,3.6
2740,-0.1
2741,-0.30000000000000004
2742,-0.4
2743,3.7
2744,4.0
2745,4.0
2746,-0.2
2747,3.8
2748,4.0
2749,-0.4
2750,4.0
2751,3.8
2752,3.9
2753,4.0
2754,3.8
2755,3.8
2756,-0.2
2757,3.8
2758,-0.1
2759,3.9
2760,4.0
2761,3.9
2762,3.8
2763,-0.30000000000000004
2764,-0.30000000000000004
2765,3.9
2766,3.8
2767,-0.30000000000000004
2768,3.6
2769,-0.1
2770,-0.5
2771,3.9
2772,-0.30000000000000004
2773,-0.6
2774,-0.2
2775,-0.2
2776,3.9
2777,-0.2
2778,-0.7
2779,3.8
2780,3.9
2781,-0.2
2782,3.6
2783,3.8
2784,-0.5
2785,3.9
2786,-0.5
2787,-0.5
2788,-0.2
2789,3.9
2790,-0.4
2791,-0.2
2792,3.8
2793,-0.4
2794,4.0
2795,-0.2
2796,3.9
2797,-0.1
2798,3.9
2799,3.9
2800,3.9
2801,3.6
2802,3.8
2803,-0.2
2804,-0.2
2805,3.9
2806,3.9
2807,4.0
2808,3.6
2809,-0.1
2810,-0.4
2811,3.8
2812,-0.2
2813,4.0
2814,-0.30000000000000004
2815,-0.2
2816,-0.2
2817,4.0
2818,-0.2
2819,4.0
2820,-0.30000000000000004
2821,-0.1
2822,-0.2
2823,-0.1
2824,4.0
2825,-0.2
2826,-0.2
2827,-0.30000000000000004
2828,-0.5
2829,-0.4
2830,3.9
2831,-0.5
2832,3.7
2833,3.9
2834,-0.1
2835,3.5
2836,3.6
2837,-0.4
2838,4.0
2839,4.0
2840,3.8
2841,-0.2
2842,3.9
2843,-0.6
2844,3.9
2845,3.8
2846,-0.1
2847,4.0
2848,3.8
2849,-0.30000000000000004
2850,3.9
2851,3.9
2852,4.0
2853,4.0
2854,3.6
2855,3.9
2856,3.9
2857,3.9
2858,-0.30000000000000004
2859,-0.2
2860,-0.4
2861,-0.2
2862,-0.2
2863,4.0
2864,-0.30000000000000004
2865,-0.30000000000000004
2866,-0.30000000000000004
2867,4.0
2868,3.6
2869,3.9
2870,4.0
2871,4.0
2872,-0.30000000000000004
2873,3.8
2874,-0.5
2875,-0.1
2876,-0.4
2877,-0.2
2878,3.8
2879,-0.2
2880,-0.1
2881,3.9
2882,3.4
2883,3.7
2884,-0.2
2885,-0.2
2886,-0.1
2887,-0.4
2888,-0.2
2889,3.9
2890,3.9
2891,-0.2
2892,4.0
2893,-0.30000000000000004
2894,3.9
2895,3.9
2896,-0.5
2897,-4.899999999999999
2898,-0.4
2899,-0.5
2900,-0.2
2901,-0.2
2902,3.8
2903,3.7
2904,-0.4
2905,-0.1
2906,-0.5
2907,3.9
2908,-0.5
2909,-0.4
2910,4.0
2911,-0.30000000000000004
2912,-0.1
2913,-0.30000000000000004
2914,3.8
2915,-0.30000000000000004
2916,-0.4
2917,-0.4
2918,3.9
2919,-0.1
2920,-0.4
2921,3.7
2922,-0.4
2923,-0.4
2924,-0.30000000000000004
2925,-0.2
2926,-0.2
2927,3.5
2928,3.8
2929,3.8
2930,3.9
2931,3.8
2932,3.7
2933,-0.30000000000000004
2934,3.8
2935,-0.1
2936,-0.1
2937,3.9
2938,-0.4
2939,3.8
2940,-0.30000000000000004
2941,-0.2
2942,-0.1
2943,-0.1
2944,-0.2
2945,-0.2
2946,-0.2
2947,3.8
2948,-0.4
2949,-0.30000000000000004
2950,-0.1
2951,-0.6
2952,3.8
2953,-0.5
2954,-0.30000000000000004
2955,4.0
2956,3.4
2957,-0.1
2958,3.8
2959,-0.1
2960,3.7
2961,3.9
2962,3.8
2963,3.6
2964,-0.5
2965,-0.5
2966,-0.4
2967,4.0
2968,-0.2
2969,-0.2
2970,4.0
2971,-0.4
2972,-0.2
2973,3.8
2974,-0.1
2975,-0.1
2976,4.0
2977,-0.2
2978,-0.1
2979,-0.4
2980,4.0
2981,3.8
2982,-0.4
2983,-0.30000000000000004
2984,-0.30000000000000004
2985,-0.1
2986,-0.2
2987,-0.5
2988,3.9
2989,-0.1
2990,-0.30000000000000004
2991,-0.4
2992,4.0
2993,-0.30000000000000004
2994,-0.4
2995,4.0
2996,-0.4
2997,-0.30000000000000004
2998,-0.30000000000000004
2999,-0.2
3000,-0.30000000000000004
3001,3.8
3002,4.0
3003,-0.30000000000000004
3004,-0.30000000000000004
3005,4.0
3006,3.7
3007,3.9
3008,-0.30000000000000004
3009,3.8
3010,-0.2
3011,3.8
3012,-0.30000000000000004
3013,3.7
3014,-0.2
3015,-0.2
3016,3.5
3017,-0.4
3018,-0.4
3019,-0.4
3020,3.6
3021,4.0
3022,4.0
3023,-0.2
3024,-0.2
3025,3.7
3026,3.7
3027,3.8
3028,4.0
3029,-0.2
3030,4.0
3031,3.7
3032,-0.2
3033,3.8
3034,-0.2
3035,-0.2
3036,-0.2
3037,-0.30000000000000004
3038,-0.2
3039,-0.1
3040,3.4
3041,-0.30000000000000004
3042,-0.30000000000000004
3043,-0.1
3044,3.9
3045,3.7
3046,-0.7999999999999999
3047,-0.2
3048,-0.30000000000000004
3049,3.8
3050,3.9
3051,3.6
3052,4.0
3053,4.0
3054,-0.2
3055,-0.4
3056,-0.4
3057,-0.6
3058,3.8
3059,3.8
3060,-0.2
3061,4.0
3062,3.5
3063,3.9
3064,3.6
3065,4.0
3066,-0.4
3067,-0.6
3068,4.0
3069,-0.30000000000000004
3070,3.9
3071,-0.4
3072,3.8
3073,3.9
3074,3.9
3075,-0.30000000000000004
3076,-0.2
3077,3.9
3078,3.9
3079,3.7
3080,-0.4
3081,-0.30000000000000004
3082,4.0
3083,3.6
3084,-0.5
3085,3.5
3086,3.8
3087,-1.5000000000000002
3088,3.7
3089,3.5
3090,3.9
3091,-0.2
3092,3.7
3093,-0.30000000000000004
3094,3.8
3095,-0.2
3096,4.0
3097,3.8
3098,-0.30000000000000004
3099,3.7
3100,3.5
3101,3.9
3102,3.9
3103,-0.2
3104,4.0
3105,-0.30000000000000004
3106,3.7
3107,-0.2
3108,-0.2
3109,-0.30000000000000004
3110,-0.30000000000000004
3111,-0.30000000000000004
3112,-0.2
3113,-0.30000000000000004
3114,-0.2
3115,3.8
3116,-0.30000000000000004
3117,3.8
3118,-0.2
3119,-0.30000000000000004
3120,3.9
3121,3.8
3122,-0.6
3123,-0.1
3124,3.9
3125,3.8
3126,-0.6
3127,-0.1
3128,-0.1
3129,4.0
3130,4.0
3131,3.6
3132,3.6
3133,-0.2
3134,3.9
3135,3.8
3136,3.8
3137,-0.4
3138,3.9
3139,3.8
3140,-0.30000000000000004
3141,-0.2
3142,-0.2
3143,3.9
3144,3.6
3145,3.6
3146,-0.2
3147,-0.2
3148,3.8
3149,-0.7
3150,-0.4
3151,4.0
3152,4.0
3153,3.7
3154,3.9
3155,-0.1
3156,-0.2
3157,3.9
3158,-0.5
3159,-0.2
3160,-0.30000000000000004
3161,3.8
3162,3.6
3163,-0.30000000000000004
3164,3.9
3165,-0.30000000000000004
3166,3.9
3167,-0.2
3168,3.8
3169,-0.4
3170,-0.2
3171,-0.2
3172,3.7
3173,-0.2
3174,3.9
3175,3.7
3176,3.8
3177,-0.1
3178,3.7
3179,3.6
3180,-0.2
3181,-0.30000000000000004
3182,-0.30000000000000004
3183,-0.4
3184,-0.5
3185,3.9
3186,-0.2
3187,-0.2
3188,-0.30000000000000004
3189,3.9
3190,3.9
3191,-0.2
3192,-0.2
3193,3.7
3194,-0.30000000000000004
3195,-0.30000000000000004
3196,-0.2
3197,-0.2
3198,-0.5
3199,3.3
3200,3.8
3201,3.5
3202,-0.1
3203,3.8
3204,3.9
3205,3.9
3206,-0.30000000000000004
3207,3.8
3208,-0.30000000000000004
3209,-0.1
3210,3.9
3211,-0.2
3212,-0.1
3213,4.0
3214,3.9
3215,3.8
3216,-0.30000000000000004
3217,-0.4
3218,-0.2
3219,3.9
3220,3.9
3221,-0.30000000000000004
3222,3.8
3223,3.9
3224,4.0
3225,-0.30000000000000004
3226,3.9
3227,4.0
3228,3.9
3229,3.5
3230,3.7
3231,-0.2
3232,3.9
3233,3.6
3234,3.9
3235,-0.2
3236,-0.1
3237,-0.4
3238,3.8
3239,3.7
3240,-0.4
3241,3.4
3242,-0.1
3243,3.9
3244,3.9
3245,-0.30000000000000004
3246,3.7
3247,-0.1
3248,-0.6
3249,3.7
3250,-0.1
3251,4.0
3252,3.8
3253,-0.6
3254,-0.2
3255,-0.1
3256,3.9
3257,3.8
3258,-0.2
3259,3.9
3260,3.8
3261,4.0
3262,3.7
3263,3.9
3264,3.6
3265,-0.1
3266,-0.1
3267,-0.30000000000000004
3268,-0.7
3269,-0.1
3270,4.0
3271,-0.2
3272,-0.6
3273,3.8
3274,4.0
3275,-0.1
3276,3.8
3277,-0.30000000000000004
3278,-0.4
3279,-0.6
3280,-0.2
3281,3.4
3282,3.8
3283,4.0
3284,-0.5
3285,-0.2
3286,3.9
3287,-0.2
3288,3.8
3289,3.5
3290,3.9
3291,-0.30000000000000004
3292,3.8
3293,3.9
3294,-0.2
3295,-0.1
3296,-0.30000000000000004
3297,3.6
3298,-0.5
3299,-0.1
3300,3.9
3301,3.7
3302,-0.1
3303,-0.2
3304,3.8
3305,4.0
3306,-0.1
3307,3.9
3308,3.8
3309,-0.2
3310,-1.6000000000000003
3311,3.8
3312,3.5
3313,3.6
3314,-0.1
3315,-0.7
3316,4.0
3317,-0.2
3318,3.9
3319,3.9
3320,3.7
3321,-0.1
3322,3.8
3323,4.0
3324,4.0
3325,-0.30000000000000004
3326,3.6
3327,-0.5
3328,2.3
3329,-0.4
3330,-0.2
3331,-0.1
3332,3.9
3333,-0.30000000000000004
3334,-0.1
3335,-0.2
3336,-0.2
3337,-0.30000000000000004
3338,3.9
3339,-0.2
3340,-0.4
3341,3.7
3342,-0.1
3343,3.9
3344,3.8
3345,3.7
3346,3.9
3347,-0.4
3348,4.0
3349,-0.30000000000000004
3350,3.7
3351,-0.5
3352,-0.30000000000000004
3353,-0.1
3354,4.0
3355,3.9
3356,-0.2
3357,3.9
3358,-0.30000000000000004
3359,-0.1
3360,3.9
3361,-0.30000000000000004
3362,3.7
3363,-0.30000000000000004
3364,-0.4
3365,-0.2
3366,3.6
3367,3.8
3368,-0.2
3369,4.0
3370,3.5
3371,-0.2
3372,3.7
3373,3.8
3374,-0.30000000000000004
3375,3.6
3376,-0.2
3377,-0.30000000000000004
3378,3.9
3379,-0.30000000000000004
3380,3.8
3381,3.9
3382,3.6
3383,4.0
3384,4.0
3385,4.0
3386,-0.1
3387,3.8
3388,4.0
3389,-0.1
3390,-0.30000000000000004
3391,-0.30000000000000004
3392,3.7
3393,3.7
3394,-0.2
3395,-0.2
3396,3.7
3397,3.8
3398,3.7
3399,3.6
3400,-0.30000000000000004
3401,-0.4
3402,3.7
3403,4.0
3404,-0.6
3405,-0.4
3406,4.0
3407,3.9
3408,-1.9000000000000006
3409,3.8
3410,3.7
3411,-0.30000000000000004
3412,-0.4
3413,4.0
3414,-0.30000000000000004
3415,-0.30000000000000004
3416,-0.30000000000000004
3417,3.8
3418,3.6
3419,3.9
3420,3.8
3421,-0.2
3422,3.3
3423,3.9
3424,-0.30000000000000004
3425,-0.5
3426,-0.6
3427,-0.5
3428,-0.5
3429,3.9
3430,4.0
3431,3.8
3432,-0.30000000000000004
3433,-0.1
3434,3.9
3435,4.0
3436,3.8
3437,3.8
3438,-0.4
3439,-0.4
3440,-0.4
3441,3.9
3442,-0.2
3443,-0.1
3444,-0.5
3445,3.8
3446,3.9
3447,4.0
3448,3.7
3449,-0.1
3450,4.0
3451,-0.30000000000000004
3452,-0.30000000000000004
3453,3.6
3454,-0.30000000000000004
3455,-0.2
3456,-0.1
3457,-0.30000000000000004
3458,3.8
3459,3.5
3460,3.9
3461,-0.1
3462,3.6
3463,-0.4
3464,-0.30000000000000004
3465,-0.6
3466,-0.1
3467,3.8
3468,3.8
3469,-0.30000000000000004
3470,3.8
3471,3.9
3472,-0.1
3473,4.0
3474,-0.30000000000000004
3475,-0.2
3476,3.7
3477,3.8
3478,3.7
3479,3.8
3480,-0.30000000000000004
3481,-0.4
3482,-0.30000000000000004
3483,4.0
3484,-0.30000000000000004
3485,-0.6
3486,3.8
3487,3.9
3488,-0.1
3489,3.8
3490,3.7
3491,-0.30000000000000004
3492,3.5
3493,4.0
3494,-0.1
3495,-0.30000000000000004
3496,-0.4
3497,4.0
3498,-0.30000000000000004
3499,3.6
3500,-0.30000000000000004
3501,3.6
3502,3.7
3503,4.0
3504,3.6
3505,-0.5
3506,-0.2
3507,3.6
3508,3.5
3509,-0.30000000000000004
3510,3.7
3511,-0.30000000000000004
3512,3.6
3513,-0.2
3514,4.0
3515,3.8
3516,-0.1
3517,-0.1
3518,3.8
3519,-0.1
3520,-0.1
3521,3.6
3522,-0.30000000000000004
3523,3.5
3524,3.8
3525,-0.6
3526,-0.1
3527,-0.4
3528,3.7
3529,3.9
3530,-0.1
3531,-0.30000000000000004
3532,4.0
3533,3.6
3534,3.8
3535,3.9
3536,-0.30000000000000004
3537,3.8
3538,3.9
3539,3.8
3540,3.7
3541,-0.4
3542,3.8
3543,-0.5
3544,-0.30000000000000004
3545,-0.5
3546,-0.1
3547,-0.6
3548,3.6
3549,4.0
3550,-0.4
3551,4.0
3552,3.8
3553,4.0
3554,3.8
3555,3.9
3556,4.0
3557,3.9
3558,-0.4
3559,3.8
3560,3.9
3561,-0.2
3562,-0.2
3563,-0.30000000000000004
3564,-0.5
3565,-0.2
3566,-0.4
3567,3.8
3568,4.0
3569,-0.30000000000000004
3570,-0.4
3571,3.9
3572,-0.30000000000000004
3573,3.9
3574,3.8
3575,3.8
3576,3.6
3577,-0.30000000000000004
3578,-0.30000000000000004
3579,-0.2
3580,-0.8999999999999999
3581,3.9
3582,3.9
3583,3.9
3584,3.9
3585,3.7
3586,4.0
3587,-0.4
3588,3.6
3589,-0.30000000000000004
3590,3.9
3591,-0.4
3592,3.8
3593,4.0
3594,-0.2
3595,-0.2
3596,4.0
3597,4.0
3598,3.7
3599,3.7
3600,-0.2
3601,4.0
3602,3.9
3603,-0.1
3604,-0.30000000000000004
3605,3.8
3606,-0.30000000000000004
3607,4.0
3608,-0.2
3609,3.6
3610,4.0
3611,3.4
3612,-0.4
3613,4.0
3614,-0.1
3615,4.0
3616,-0.30000000000000004
3617,-0.1
3618,3.7
3619,4.0
3620,-0.30000000000000004
3621,-0.2
3622,-0.1
3623,-0.4
3624,-0.2
3625,3.7
3626,3.8
3627,-0.2
3628,-0.2
3629,-0.30000000000000004
3630,4.0
3631,-0.6
3632,3.5
3633,3.8
3634,-0.2
3635,3.9
3636,3.9
3637,-0.2
3638,-0.1
3639,4.0
3640,-0.1
3641,3.9
3642,-0.2
3643,-0.4
3644,-0.30000000000000004
3645,-0.2
3646,3.7
3647,-0.6
3648,-0.30000000000000004
3649,3.9
3650,-0.1
3651,-0.4
3652,3.8
3653,3.8
3654,3.9
3655,-0.2
3656,-0.4
3657,3.9
3658,-0.30000000000000004
3659,-0.1
3660,-0.4
3661,3.9
3662,3.8
3663,-0.2
3664,-0.1
3665,3.7
3666,3.9
3667,3.9
3668,3.8
3669,3.8
3670,-0.1
3671,-0.2
3672,-0.4
3673,3.6
3674,-0.1
3675,-0.5
3676,-0.2
3677,-0.30000000000000004
3678,4.0
3679,3.8
3680,3.8
3681,3.8
3682,-0.30000000000000004
3683,-0.7999999999999999
3684,3.9
3685,3.8
3686,-0.30000000000000004
3687,-0.2
3688,3.8
3689,3.9
3690,-0.30000000000000004
3691,3.8
3692,3.9
3693,4.0
3694,3.8
3695,3.8
3696,3.9
3697,3.8
3698,-0.7
3699,3.8
3700,-0.30000000000000004
3701,3.5
3702,3.9
3703,3.8
3704,4.0
3705,-0.30000000000000004
3706,-0.30000000000000004
3707,3.9
3708,3.7
3709,-0.30000000000000004
3710,-0.2
3711,-0.1
3712,3.9
3713,-0.1
3714,-0.2
3715,-0.30000000000000004
3716,-0.5
3717,3.8
3718,-0.30000000000000004
3719,-0.4
3720,-0.30000000000000004
3721,-0.4
3722,-0.2
3723,3.9
3724,-0.30000000000000004
3725,-0.5
3726,3.9
3727,3.9
3728,3.8
3729,-0.2
3730,3.7
3731,-0.2
3732,3.8
3733,4.0
3734,-0.4
3735,-0.30000000000000004
3736,3.9
3737,3.9
3738,-0.30000000000000004
3739,3.8
3740,3.9
3741,-0.30000000000000004
3742,4.0
3743,3.7
3744,-0.30000000000000004
3745,3.9
3746,-0.2
3747,3.7
3748,-0.7
3749,3.9
3750,-0.30000000000000004
3751,-0.2
3752,3.9
3753,-0.1
3754,-0.2
3755,3.9
3756,4.0
3757,3.9
3758,-0.5
3759,3.9
3760,3.8
3761,-0.30000000000000004
3762,-0.2
3763,3.7
3764,-0.2
3765,-0.30000000000000004
3766,3.7
3767,-0.2
3768,-0.2
3769,3.8
3770,-0.4
3771,-0.5
3772,-0.5
3773,-0.6
3774,4.0
3775,-0.1
3776,-0.1
3777,-0.2
3778,-0.30000000000000004
3779,-0.2
3780,4.0
3781,-0.30000000000000004
3782,-0.4
3783,-0.30000000000000004
3784,-0.1
3785,-0.2
3786,3.9
3787,-0.1
3788,3.9
3789,3.8
3790,-0.6
3791,-0.1
3792,-0.30000000000000004
3793,3.9
3794,-0.5
3795,-0.2
3796,-0.30000000000000004
3797,-0.2
3798,3.7
3799,3.9
3800,4.0
3801,3.9
3802,3.6
3803,-0.1
3804,3.9
3805,3.9
3806,3.9
3807,-0.2
3808,-0.2
3809,4.0
3810,-0.2
3811,-0.1
3812,3.7
3813,-0.1
3814,-0.4
3815,3.8
3816,3.9
3817,-0.4
3818,-0.4
3819,-0.2
3820,-0.1
3821,-0.30000000000000004
3822,3.7
3823,-0.2
3824,3.7
3825,3.5
3826,-0.30000000000000004
3827,3.8
3828,-0.30000000000000004
3829,-0.30000000000000004
3830,-0.6
3831,4.0
3832,-0.1
3833,-0.4
3834,-0.30000000000000004
3835,-0.30000000000000004
3836,4.0
3837,3.4
3838,-0.2
3839,4.0
3840,3.9
3841,-0.2
3842,-0.30000000000000004
3843,3.7
3844,3.8
3845,-0.2
3846,4.0
3847,-0.4
3848,-0.2
3849,3.6
3850,-0.4
3851,-0.4
3852,-0.1
3853,-0.4
3854,3.8
3855,4.0
3856,-0.30000000000000004
3857,-0.5
3858,-0.1
3859,-0.30000000000000004
3860,-0.2
3861,3.6
3862,-0.30000000000000004
3863,-0.5
3864,3.9
3865,-0.1
3866,3.8
3867,-0.2
3868,3.9
3869,-0.30000000000000004
3870,-0.30000000000000004
3871,-0.30000000000000004
3872,3.6
3873,3.9
3874,-0.4
3875,-0.2
3876,-0.30000000000000004
3877,-0.6
3878,-0.2
3879,-0.30000000000000004
3880,3.5
3881,-0.4
3882,-0.2
3883,-0.4
3884,-0.2
3885,4.0
3886,-0.30000000000000004
3887,-0.2
3888,3.9
3889,3.8
3890,3.9
3891,-0.30000000000000004
3892,-0.2
3893,-0.1
3894,-0.30000000000000004
3895,4.0
3896,-0.2
3897,-0.4
3898,-0.6
3899,-0.1
3900,-0.30000000000000004
3901,-0.4
3902,-0.30000000000000004
3903,-0.30000000000000004
3904,-0.2
3905,-0.2
3906,3.6
3907,-0.1
3908,-0.30000000000000004
3909,-0.4
3910,-0.30000000000000004
3911,-0.2
3912,4.0
3913,3.7
3914,4.0
3915,-0.2
3916,3.8
3917,-0.7
3918,3.8
3919,-0.2
3920,-0.2
3921,4.0
3922,3.8
3923,-0.2
3924,-0.2
3925,-0.2
3926,3.8
3927,-0.2
3928,3.6
3929,-0.4
3930,-0.2
3931,-0.2
3932,-0.30000000000000004
3933,3.9
3934,3.5
3935,3.6
3936,3.9
3937,-0.4
3938,3.6
3939,3.9
3940,3.8
3941,-0.30000000000000004
3942,-0.4
3943,-0.4
3944,3.5
3945,-0.2
3946,3.6
3947,-0.1
3948,4.0
3949,3.9
3950,3.7
3951,-0.30000000000000004
3952,4.0
3953,3.8
3954,3.5
3955,-0.4
3956,-0.4
3957,-0.2
3958,3.5
3959,-0.1
3960,-0.2
3961,3.5
3962,3.8
3963,3.9
3964,3.9
3965,-0.1
3966,-0.2
3967,3.8
3968,3.9
3969,-0.30000000000000004
3970,3.9
3971,3.9
3972,-0.7
3973,-0.4
3974,3.8
3975,4.0
3976,-0.2
3977,-0.30000000000000004
3978,3.8
3979,3.7
3980,-0.1
3981,3.8
3982,-0.2
3983,-0.1
3984,3.9
3985,-0.1
3986,-0.30000000000000004
3987,-0.2
3988,3.7
3989,-0.5
3990,-0.30000000000000004
3991,3.9
3992,3.9
3993,-0.2
3994,-0.30000000000000004
3995,-0.30000000000000004
3996,3.7
3997,4.0
3998,-0.30000000000000004
3999,3.9
4000,-23.30000000000006
4001,3.9
4002,3.6
4003,-1.5000000000000002
4004,4.0
4005,-0.2
4006,-0.1
4007,-0.2
4008,-0.30000000000000004
4009,4.0
4010,-0.30000000000000004
4011,3.7
4012,-0.1
4013,3.8
4014,3.4
4015,-0.30000000000000004
4016,-0.1
4017,-0.2
4018,3.9
4019,-0.30000000000000004
4020,3.7
4021,3.8
4022,-0.1
4023,3.8
4024,3.8
4025,-0.2
4026,3.9
4027,3.8
4028,-0.1
4029,-0.2
4030,4.0
4031,3.9
4032,3.8
4033,4.0
4034,-0.2
4035,4.0
4036,-0.4
4037,-0.5
4038,-0.4
4039,3.6
4040,3.6
4041,-0.30000000000000004
4042,3.8
4043,-0.30000000000000004
4044,3.9
4045,3.8
4046,-0.2
4047,4.0
4048,-0.6
4049,-0.30000000000000004
4050,-0.2
4051,-0.2
4052,-0.30000000000000004
4053,3.5
4054,4.0
4055,3.9
4056,-0.5
4057,-0.4
4058,4.0
4059,-0.5
4060,-0.30000000000000004
4061,3.9
4062,-0.6
4063,3.8
4064,4.0
4065,3.8
4066,-0.30000000000000004
4067,-0.2
4068,-0.2
4069,3.8
4070,-0.2
4071,-0.5
4072,-0.5
4073,3.8
4074,-0.30000000000000004
4075,3.9
4076,4.0
4077,4.0
4078,4.0
4079,3.8
4080,-0.5
4081,3.8
4082,3.9
4083,-0.2
4084,-0.6
4085,3.8
4086,1.399999999999999
4087,3.8
4088,-0.2
4089,-0.2
4090,3.8
4091,-0.30000000000000004
4092,3.9
4093,3.8
4094,3.9
4095,-0.2
4096,-0.2
4097,-0.30000000000000004
4098,3.7
4099,4.0
4100,-0.6
4101,-0.30000000000000004
4102,-11.799999999999974
4103,-0.5
4104,-0.1
4105,3.8
4106,-0.5
4107,3.7
4108,-0.1
4109,3.6
4110,-0.1
4111,4.0
4112,3.6
4113,-0.30000000000000004
4114,-0.30000000000000004
4115,-0.1
4116,3.8
4117,-0.30000000000000004
4118,3.4
4119,3.9
4120,3.5
4121,-0.1
4122,3.9
4123,4.0
4124,-0.4
4125,-0.30000000000000004
4126,3.9
4127,-0.30000000000000004
4128,-0.30000000000000004
4129,3.8
4130,-0.1
4131,-0.30000000000000004
4132,3.8
4133,-21.300000000000033
4134,-0.4
4135,-0.1
4136,-0.2
4137,3.9
4138,-0.5
4139,4.0
4140,-0.4
4141,3.9
4142,-20.800000000000026
4143,-0.4
4144,-0.4
4145,-0.2
4146,3.9
4147,3.9
4148,3.9
4149,-0.8999999999999999
4150,-0.1
4151,3.9
4152,3.9
4153,3.9
4154,-0.4
4155,3.6
4156,-0.5
4157,4.0
4158,-0.30000000000000004
4159,3.9
4160,-0.2
4161,-0.30000000000000004
4162,-0.1
4163,-0.5
4164,3.8
4165,-0.2
4166,3.9
4167,3.7
4168,-21.500000000000036
4169,3.7
4170,-0.2
4171,3.5
4172,3.8
4173,-0.1
4174,-0.30000000000000004
4175,-0.4
4176,3.9
4177,3.8
4178,-21.500000000000036
4179,4.0
4180,3.9
4181,-0.30000000000000004
4182,-0.2
4183,4.0
4184,3.8
4185,-0.4
4186,3.6
4187,-0.30000000000000004
4188,-0.2
4189,-0.5
4190,-0.2
4191,-0.1
4192,-0.4
4193,-0.6
4194,-0.2
4195,3.8
4196,-0.30000000000000004
4197,4.0
4198,-14.099999999999966
4199,-21.10000000000003
4200,-20.900000000000027
4201,3.8
4202,4.0
4203,-9.99999999999998
4204,3.5
4205,-20.900000000000027
4206,-0.1
4207,-20.40000000000002
4208,3.5
4209,3.9
4210,-0.2
4211,4.0
4212,4.0
4213,3.9
4214,-21.80000000000004
4215,-0.30000000000000004
4216,-0.7
4217,-0.2
4218,4.0
4219,4.0
4220,-0.1
4221,3.8
4222,3.9
4223,-0.4
4224,-0.4
4225,3.8
4226,-0.2
4227,3.9
4228,-19.80000000000001
4229,-0.2
4230,-20.30000000000002
4231,-20.000000000000014
4232,3.8
4233,-20.000000000000014
4234,4.0
4235,-20.800000000000026
4236,-22.100000000000044
4237,-20.700000000000024
4238,3.7
4239,-20.200000000000017
4240,-19.70000000000001
4241,-20.100000000000016
4242,-19.400000000000006
4243,3.8
4244,3.7
4245,-0.2
4246,-20.000000000000014
4247,-19.400000000000006
4248,3.7
4249,4.0
4250,4.0
4251,4.0
4252,-0.2
4253,3.9
4254,-0.2
4255,-0.2
4256,3.9
4257,-0.30000000000000004
4258,-0.1
4259,-0.2
4260,3.8
4261,-19.300000000000004
4262,-19.70000000000001
4263,-19.300000000000004
4264,-20.100000000000016
4265,-19.80000000000001
4266,4.0
4267,3.8
4268,-2.2000000000000006
4269,-0.4
4270,3.8
4271,-0.1
4272,3.9
4273,3.7
4274,3.9
4275,4.0
4276,3.9
4277,-0.1
4278,3.9
4279,-0.30000000000000004
4280,-0.2
4281,-0.2
4282,-0.2
4283,-0.30000000000000004
4284,3.9
4285,-0.2
4286,-0.30000000000000004
4287,4.0
4288,3.8
4289,3.8
4290,-0.1
4291,-0.30000000000000004
4292,-0.5
4293,3.8
4294,-0.2
4295,-0.1
4296,4.0
4297,3.6
4298,3.8
4299,-0.4
4300,3.8
4301,-0.4
4302,-0.2
4303,-0.2
4304,4.0
4305,-0.5
4306,-0.1
4307,-0.5
4308,-0.1
4309,3.9
4310,-0.2
4311,-0.5
4312,-0.2
4313,-0.2
4314,3.8
4315,-0.2
4316,3.7
4317,-0.30000000000000004
4318,-0.1
4319,-0.1
4320,-0.2
4321,3.6
4322,-0.30000000000000004
4323,4.0
4324,3.6
4325,3.9
4326,-0.30000000000000004
4327,3.6
4328,-0.2
4329,3.9
4330,4.0
4331,-0.30000000000000004
4332,-0.30000000000000004
4333,-0.5
4334,-0.4
4335,3.8
4336,-0.30000000000000004
4337,-0.4
4338,-0.1
4339,4.0
4340,3.9
4341,-0.2
4342,-0.30000000000000004
4343,3.7
4344,-0.30000000000000004
4345,3.8
4346,-0.30000000000000004
4347,-0.30000000000000004
4348,-0.30000000000000004
4349,3.9
4350,3.8
4351,-0.6
4352,-0.5
4353,-0.4
4354,3.6
4355,3.8
4356,3.9
4357,-0.2
4358,3.7
4359,-0.30000000000000004
4360,-0.7
4361,-0.30000000000000004
4362,3.9
4363,-0.5
4364,-0.2
4365,3.7
4366,3.8
4367,3.9
4368,-0.30000000000000004
4369,-0.1
4370,-0.30000000000000004
4371,-0.30000000000000004
4372,-0.2
4373,4.0
4374,4.0
4375,-0.30000000000000004
4376,3.9
4377,3.7
4378,-0.2
4379,-0.30000000000000004
4380,3.7
4381,-21.00000000000003
4382,-21.10000000000003
4383,3.8
4384,3.8
4385,-21.20000000000003
4386,3.6
4387,3.8
4388,3.9
4389,-0.7999999999999999
4390,3.9
4391,3.8
4392,-0.30000000000000004
4393,-0.4
4394,-0.4
4395,-0.2
4396,3.7
4397,3.8
4398,-0.4
4399,3.7
4400,-0.5
4401,-0.5
4402,-0.2
4403,-0.5
4404,3.8
4405,-0.4
4406,-0.2
4407,-0.30000000000000004
4408,3.7
4409,-0.2
4410,-0.30000000000000004
4411,-0.30000000000000004
4412,-0.30000000000000004
4413,-0.30000000000000004
4414,3.5
4415,-0.30000000000000004
4416,3.7
4417,-0.30000000000000004
4418,3.9
4419,-0.1
4420,3.1
4421,-0.4
4422,3.8
4423,3.9
4424,-0.2
4425,-0.4
4426,-0.30000000000000004
4427,4.0
4428,-0.7
4429,3.7
4430,4.0
4431,3.7
4432,-4.999999999999998
4433,3.6
4434,-0.2
4435,-0.30000000000000004
4436,3.9
4437,3.8
4438,4.0
4439,3.8
4440,4.0
4441,-0.30000000000000004
4442,-0.6
4443,3.9
4444,3.9
4445,-0.5
4446,3.9
4447,3.9
4448,3.7
4449,3.8
4450,3.9
4451,3.7
4452,3.9
4453,3.9
4454,3.9
4455,-0.30000000000000004
4456,-0.2
4457,3.9
4458,3.8
4459,-0.5
4460,3.7
4461,3.9
4462,-0.2
4463,4.0
4464,3.7
4465,-0.30000000000000004
4466,3.9
4467,-21.400000000000034
4468,-15.099999999999962
4469,-0.30000000000000004
4470,-0.5
4471,-0.1
4472,4.0
4473,-0.4
4474,-1.3
4475,3.5
4476,-21.300000000000033
4477,3.9
4478,-20.900000000000027
4479,-7.19999999999999
4480,3.7
4481,3.7
4482,-0.4
4483,-0.30000000000000004
4484,3.8
4485,-0.1
4486,-0.30000000000000004
4487,-0.2
4488,3.7
4489,3.7
4490,-0.2
4491,4.0
4492,3.9
4493,-0.2
4494,3.7
4495,-0.6
4496,-0.2
4497,3.9
4498,-0.4
4499,-0.30000000000000004
4500,-0.30000000000000004
4501,-0.6
4502,-0.2
4503,3.7
4504,3.7
4505,-0.2
4506,-0.2
4507,3.7
4508,-0.4
4509,-0.30000000000000004
4510,-0.2
4511,-0.1
4512,3.8
4513,3.8
4514,3.7
4515,3.7
4516,3.8
4517,3.9
4518,3.9
4519,3.9
4520,-0.6
4521,-0.4
4522,4.0
4523,3.6
4524,-0.4
4525,-0.30000000000000004
4526,3.9
4527,-21.500000000000036
4528,3.7
4529,-21.500000000000036
4530,-15.99999999999996
4531,-0.4
4532,3.8
4533,3.4
4534,3.9
4535,3.9
4536,3.9
4537,-0.5
4538,-0.4
4539,-0.2
4540,3.9
4541,-0.2
4542,-0.6
4543,3.9
4544,4.0
4545,3.9
4546,-0.2
4547,4.0
4548,-0.30000000000000004
4549,-0.2
4550,3.9
4551,-0.2
4552,3.8
4553,4.0
4554,-0.30000000000000004
4555,-0.30000000000000004
4556,-0.6
4557,-0.4
4558,-0.5
4559,-0.30000000000000004
4560,-0.2
4561,-0.4
4562,3.9
4563,-0.30000000000000004
4564,-0.30000000000000004
4565,-0.1
4566,3.9
4567,-0.2
4568,-0.1
4569,4.0
4570,3.8
4571,3.5
4572,-0.1
4573,3.9
4574,-0.1
4575,-0.1
4576,-0.2
4577,3.8
4578,3.8
4579,-0.2
4580,-0.1
4581,3.9
4582,3.7
4583,-0.5
4584,3.9
4585,3.5
4586,4.0
4587,4.0
4588,-0.30000000000000004
4589,4.0
4590,-0.2
4591,4.0
4592,-21.300000000000033
4593,-10.09999999999998
4594,3.6
4595,-0.30000000000000004
4596,3.9
4597,-0.30000000000000004
4598,3.8
4599,3.9
4600,3.8
4601,-0.6
4602,3.8
4603,-0.7
4604,3.7
4605,-0.5
4606,3.7
4607,-0.30000000000000004
4608,-0.4
4609,-0.30000000000000004
4610,-0.7999999999999999
4611,3.8
4612,-0.6
4613,-0.5
4614,-0.30000000000000004
4615,-0.2
4616,3.8
4617,-0.30000000000000004
4618,-0.5
4619,3.9
4620,3.7
4621,3.8
4622,3.8
4623,3.9
4624,3.8
4625,3.8
4626,-0.5
4627,3.5
4628,-0.4
4629,-0.30000000000000004
4630,-0.1
4631,3.8
4632,-0.5
4633,3.9
4634,3.6
4635,-0.1
4636,3.6
4637,-0.4
4638,3.8
4639,-0.4
4640,3.9
4641,-0.5
4642,3.8
4643,3.6
4644,-0.30000000000000004
4645,-0.4
4646,-0.7
4647,-0.5
4648,-0.30000000000000004
4649,-0.30000000000000004
4650,-0.2
4651,3.7
4652,3.8
4653,3.9
4654,-0.2
4655,-0.30000000000000004
4656,3.8
4657,3.9
4658,-0.2
4659,3.8
4660,3.7
4661,4.0
4662,4.0
4663,-0.1
4664,-0.30000000000000004
4665,-0.5
4666,-0.30000000000000004
4667,3.7
4668,-0.30000000000000004
4669,-0.30000000000000004
4670,-0.30000000000000004
4671,-0.30000000000000004
4672,3.6
4673,-0.2
4674,-0.4
4675,-0.2
4676,-0.1
4677,-0.5
4678,-0.30000000000000004
4679,4.0
4680,-0.1
4681,-0.30000000000000004
4682,4.0
4683,-0.2
4684,-0.4
4685,-0.1
4686,3.8
4687,3.9
4688,-0.1
4689,-0.4
4690,3.7
4691,3.7
4692,3.8
4693,-0.30000000000000004
4694,3.9
4695,-21.10000000000003
4696,-21.80000000000004
4697,-21.500000000000036
4698,3.9
4699,3.8
4700,3.6
4701,-0.2
4702,-0.30000000000000004
4703,-0.5
4704,-0.5
4705,3.8
4706,3.6
4707,-0.2
4708,3.5
4709,-0.30000000000000004
4710,-0.2
4711,-0.30000000000000004
4712,3.6
4713,3.9
4714,-0.5
4715,-0.30000000000000004
4716,3.7
4717,3.6
4718,3.9
4719,-21.10000000000003
4720,3.7
4721,3.5
4722,4.0
4723,3.8
4724,-20.600000000000023
4725,3.9
4726,-20.800000000000026
4727,3.1
4728,-0.30000000000000004
4729,3.8
4730,-0.4
4731,3.8
4732,3.6
4733,-0.6
4734,-0.4
4735,-0.4
4736,-0.2
4737,-0.2
4738,3.9
4739,3.9
4740,-0.4
4741,3.7
4742,3.9
4743,-0.6
4744,3.9
4745,-0.30000000000000004
4746,3.9
4747,-0.2
4748,3.8
4749,3.8
4750,-0.2
4751,-0.2
4752,-0.30000000000000004
4753,3.9
4754,-0.2
4755,-0.1
4756,3.9
4757,3.9
4758,-1.5000000000000002
4759,-0.4
4760,-0.2
4761,-0.4
4762,-0.2
4763,3.6
4764,-0.30000000000000004
4765,-0.1
4766,-0.2
4767,-0.30000000000000004
4768,-0.30000000000000004
4769,3.7
4770,3.8
4771,3.8
4772,-0.1
4773,-0.4
4774,-0.1
4775,-0.2
4776,3.6
4777,3.9
4778,-0.30000000000000004
4779,-0.30000000000000004
4780,-0.30000000000000004
4781,3.9
4782,4.0
4783,4.0
4784,3.9
4785,3.6
4786,3.7
4787,3.8
4788,3.8
4789,-1.0999999999999999
4790,-0.30000000000000004
4791,3.9
4792,3.8
4793,-0.4
4794,4.0
4795,3.8
4796,-21.10000000000003
4797,3.7
4798,-20.700000000000024
4799,-11.099999999999977
4800,3.8
4801,-0.30000000000000004
4802,-0.30000000000000004
4803,3.8
4804,-0.4
4805,4.0
4806,-0.30000000000000004
4807,4.0
4808,3.8
4809,-0.4
4810,3.8
4811,-0.8999999999999999
4812,-0.2
4813,-0.2
4814,4.0
4815,-0.4
4816,-0.4
4817,3.8
4818,4.0
4819,-0.2
4820,4.0
4821,3.8
4822,-0.2
4823,-0.5
4824,3.6
4825,3.7
4826,-0.30000000000000004
4827,-0.2
4828,4.0
4829,4.0
4830,3.5
4831,-0.4
4832,-0.30000000000000004
4833,3.8
4834,3.9
4835,3.8
4836,-0.2
4837,-0.30000000000000004
4838,-0.2
4839,3.6
4840,4.0
4841,-0.6
4842,-0.30000000000000004
4843,-0.30000000000000004
4844,3.8
4845,-0.4
4846,-0.2
4847,4.0
4848,-0.2
4849,-0.2
4850,-0.2
4851,-0.5
4852,-0.30000000000000004
4853,4.0
4854,3.9
4855,3.9
4856,3.8
4857,3.7
4858,-0.30000000000000004
4859,3.8
4860,3.4
4861,-0.30000000000000004
4862,-0.7
4863,-5.4999999999999964
4864,-21.20000000000003
4865,-17.799999999999983
4866,3.9
4867,-0.30000000000000004
4868,-0.4
4869,3.6
4870,-0.30000000000000004
4871,3.8
4872,3.9
4873,4.0
4874,3.9
4875,3.8
4876,3.8
4877,4.0
4878,-0.2
4879,-0.1
4880,3.9
4881,-0.4
4882,3.6
4883,3.7
4884,4.0
4885,-21.400000000000034
4886,4.0
4887,3.9
4888,-21.400000000000034
4889,-21.400000000000034
4890,3.8
4891,-0.4
4892,-0.2
4893,-0.2
4894,-0.4
4895,4.0
4896,-0.2
4897,3.6
4898,-0.4
4899,3.7
4900,3.8
4901,-0.4
4902,3.7
4903,-0.4
4904,4.0
4905,4.0
4906,3.6
4907,3.9
4908,3.7
4909,-1.4000000000000001
4910,-0.6
4911,-1.7000000000000004
4912,3.7
4913,3.7
4914,3.9
4915,3.7
4916,-0.4
4917,3.7
4918,-20.40000000000002
4919,3.9
4920,-0.9999999999999999
4921,3.9
4922,4.0
4923,3.7
4924,3.7
4925,4.0
4926,3.9
4927,3.9
4928,-0.5
4929,3.4
4930,3.8
4931,3.9
4932,-0.1
4933,-0.30000000000000004
4934,4.0
4935,3.9
4936,4.0
4937,-0.2
4938,-0.7
4939,-0.1
4940,3.8
4941,-0.4
4942,-0.2
4943,-0.1
4944,3.6
4945,-0.2
4946,3.9
4947,-0.4
4948,-0.2
4949,-0.2
4950,3.9
4951,-0.1
4952,-0.2
4953,3.9
4954,-0.30000000000000004
4955,3.8
4956,3.7
4957,-0.6
4958,-0.2
4959,3.9
4960,3.9
4961,3.9
4962,-0.30000000000000004
4963,4.0
4964,4.0
4965,-0.2
4966,-0.30000000000000004
4967,4.0
4968,-0.30000000000000004
4969,4.0
4970,3.7
4971,4.0
4972,3.8
4973,3.8
4974,-0.5
4975,3.7
4976,3.7
4977,3.9
4978,-0.5
4979,-0.30000000000000004
4980,-0.2
4981,-0.4
4982,3.6
4983,3.8
4984,3.8
4985,-0.4
4986,3.8
4987,-0.6
4988,-0.30000000000000004
4989,-0.30000000000000004
4990,-0.2
4991,3.8
4992,-0.4
4993,-0.2
4994,-0.4
4995,3.8
4996,3.8
4997,4.0
4998,4.0
4999,-0.4
5000,3.9
5001,-0.2
5002,3.8
5003,3.9
5004,3.9
5005,4.0
5006,-0.30000000000000004
5007,3.7
5008,-0.6
5009,3.6
5010,3.7
5011,-0.5
5012,4.0
5013,3.8
5014,-0.4
5015,3.8
5016,3.8
5017,-0.30000000000000004
5018,-0.7
5019,3.8
5020,-0.5
5021,-0.4
5022,3.8
5023,-0.30000000000000004
5024,-0.30000000000000004
5025,-0.1
5026,-0.1
5027,-0.30000000000000004
5028,3.8
5029,-0.2
5030,3.9
5031,3.5
5032,3.9
5033,-0.6
5034,-0.4
5035,-0.5
5036,3.9
5037,3.7
5038,3.7
5039,3.8
5040,-0.4
5041,4.0
5042,3.8
5043,3.9
5044,-0.5
5045,3.8
5046,-0.5
5047,-0.30000000000000004
5048,3.8
5049,3.8
5050,3.9
5051,-0.30000000000000004
5052,3.7
5053,-0.30000000000000004
5054,3.9
5055,3.6
5056,-0.2
5057,3.8
5058,3.7
5059,3.8
5060,-0.4
5061,-0.4
5062,-0.2
5063,-0.4
5064,-0.1
5065,3.9
5066,-0.1
5067,-0.30000000000000004
5068,3.9
5069,-0.30000000000000004
5070,3.7
5071,3.9
5072,-0.30000000000000004
5073,3.8
5074,-0.2
5075,3.9
5076,4.0
5077,-0.2
5078,-0.5
5079,-0.4
5080,-0.4
5081,-0.1
5082,-0.1
5083,3.9
5084,3.8
5085,-0.4
5086,-0.2
5087,3.9
5088,-0.6
5089,3.8
5090,3.8
5091,-0.5
5092,-0.2
5093,-0.5
5094,-0.5
5095,4.0
5096,3.7
5097,3.9
5098,3.8
5099,-0.2
5100,3.7
5101,3.7
5102,3.6
5103,-0.2
5104,-0.2
5105,3.8
5106,3.9
5107,3.9
5108,3.8
5109,-0.30000000000000004
5110,-0.7
5111,-0.5
5112,3.9
5113,3.7
5114,-0.30000000000000004
5115,-0.4
5116,-0.30000000000000004
5117,-0.30000000000000004
5118,3.6
5119,3.7
5120,3.7
5121,-0.2
5122,-0.2
5123,-0.2
5124,-0.4
5125,3.8
5126,3.8
5127,3.7
5128,-0.1
5129,-0.30000000000000004
5130,3.9
5131,3.7
5132,3.7
5133,3.8
5134,-0.4
5135,3.8
5136,3.9
5137,-0.4
5138,3.8
5139,4.0
5140,4.0
5141,3.9
5142,-0.5
5143,3.9
5144,4.0
5145,3.9
5146,4.0
5147,3.6
5148,4.0
5149,4.0
5150,-0.30000000000000004
5151,3.8
5152,3.7
5153,3.8
5154,3.9
5155,-0.5
5156,3.8
5157,3.9
5158,-0.7
5159,-0.2
5160,-0.2
5161,3.9
5162,3.9
5163,3.9
5164,3.8
5165,-0.4
5166,4.0
5167,3.8
5168,3.9
5169,3.7
5170,3.7
5171,3.8
5172,-0.5
5173,3.8
5174,-0.30000000000000004
5175,-0.30000000000000004
5176,-0.2
5177,-0.6
5178,-0.2
5179,3.7
5180,-0.30000000000000004
5181,-0.30000000000000004
5182,-0.2
5183,3.8
5184,3.7
5185,-0.1
5186,-0.4
5187,3.6
5188,3.7
5189,3.5
5190,-0.2
5191,-0.5
5192,3.9
5193,4.0
5194,-0.2
5195,-0.2
5196,-0.2
5197,3.8
5198,3.8
5199,4.0
5200,-0.2
5201,3.9
5202,3.8
5203,-0.1
5204,3.8
5205,3.7
5206,4.0
5207,4.0
5208,4.0
5209,-0.2
5210,-0.4
5211,3.9
5212,3.8
5213,-0.2
5214,-0.2
5215,-0.4
5216,3.9
5217,3.9
5218,3.6
5219,-0.30000000000000004
5220,-0.4
5221,3.9
5222,3.9
5223,-0.4
5224,3.8
5225,-0.30000000000000004
5226,3.9
5227,3.8
5228,3.7
5229,3.8
5230,3.8
5231,3.9
5232,-0.5
5233,4.0
5234,-0.4
5235,4.0
5236,-0.30000000000000004
5237,-0.30000000000000004
5238,3.8
5239,-0.4
5240,3.7
5241,3.7
5242,3.8
5243,-0.2
5244,3.9
5245,4.0
5246,3.9
5247,-0.30000000000000004
5248,4.0
5249,-0.30000000000000004
5250,3.8
5251,-0.2
5252,3.8
5253,-0.1
5254,3.9
5255,3.8
5256,4.0
5257,3.8
5258,3.7
5259,-0.4
5260,3.8
5261,-0.30000000000000004
5262,3.9
5263,3.9
5264,-0.4
5265,4.0
5266,-0.30000000000000004
5267,3.9
5268,3.7
5269,3.8
5270,-0.2
5271,-0.30000000000000004
5272,-0.30000000000000004
5273,-0.30000000000000004
5274,3.8
5275,4.0
5276,-0.5
5277,3.8
5278,-0.30000000000000004
5279,3.7
5280,3.7
5281,4.0
5282,-0.30000000000000004
5283,-0.4
5284,4.0
5285,3.9
5286,-0.2
5287,3.9
5288,-0.1
5289,-0.1
5290,-0.2
5291,-0.1
5292,3.8
5293,3.9
5294,-0.1
5295,-0.5
5296,-0.7
5297,-0.30000000000000004
5298,-0.30000000000000004
5299,4.0
5300,-0.30000000000000004
5301,-0.2
5302,3.9
5303,3.8
5304,-0.2
5305,-0.4
5306,3.9
5307,-0.4
5308,3.9
5309,-0.2
5310,-0.2
5311,-0.1
5312,3.9
5313,-0.5
5314,-0.1
5315,-0.1
5316,3.9
5317,3.8
5318,-0.4
5319,-0.1
5320,-0.2
5321,3.8
5322,3.7
5323,-0.1
5324,3.5
5325,3.9
5326,4.0
5327,-0.2
5328,4.0
5329,-0.2
5330,-0.4
5331,3.6
5332,4.0
5333,4.0
5334,-0.30000000000000004
5335,3.8
5336,-0.30000000000000004
5337,-0.2
5338,-0.2
5339,-0.2
5340,3.8
5341,-0.2
5342,4.0
5343,3.9
5344,-0.30000000000000004
5345,3.9
5346,-0.30000000000000004
5347,-0.8999999999999999
5348,-0.4
5349,3.9
5350,-0.2
5351,-0.30000000000000004
5352,3.9
5353,3.9
5354,-0.2
5355,-0.30000000000000004
5356,-0.2
5357,-0.2
5358,-0.2
5359,-0.2
5360,-0.30000000000000004
5361,-0.5
5362,-0.1
5363,-0.30000000000000004
5364,-0.1
5365,3.9
5366,-0.30000000000000004
5367,-0.30000000000000004
5368,3.8
5369,4.0
5370,4.0
5371,3.9
5372,-0.2
5373,4.0
5374,3.8
5375,4.0
5376,3.7
5377,-0.30000000000000004
5378,-0.30000000000000004
5379,3.8
5380,-0.5
5381,3.8
5382,-0.5
5383,-0.30000000000000004
5384,-0.4
5385,3.6
5386,-0.30000000000000004
5387,3.6
5388,-0.2
5389,-0.30000000000000004
5390,-0.4
5391,3.7
5392,3.8
5393,-0.4
5394,3.6
5395,-0.1
5396,-0.2
5397,-0.1
5398,3.9
5399,3.9
5400,3.8
5401,-0.1
5402,-0.1
5403,-0.2
5404,3.6
5405,4.0
5406,3.8
5407,3.8
5408,-0.4
5409,3.8
5410,3.9
5411,3.9
5412,-1.5000000000000002
5413,-0.2
5414,3.9
5415,3.6
5416,-1.2
5417,4.0
5418,3.6
5419,-0.4
5420,-0.6
5421,-0.5
5422,3.9
5423,-0.6
5424,-0.1
5425,-0.4
5426,4.0
5427,-0.1
5428,-0.30000000000000004
5429,-0.30000000000000004
5430,-0.2
5431,-0.2
5432,-0.2
5433,-0.30000000000000004
5434,4.0
5435,4.0
5436,-0.5
5437,3.8
5438,-0.1
5439,3.8
5440,-0.2
5441,-0.6
5442,-0.30000000000000004
5443,3.9
5444,3.9
5445,-0.2
5446,3.7
5447,-0.1
5448,-0.1
5449,-0.30000000000000004
5450,3.7
5451,-0.6
5452,3.9
5453,-0.5
5454,3.9
5455,3.8
5456,-0.30000000000000004
5457,4.0
5458,-0.30000000000000004
5459,3.8
5460,3.7
5461,4.0
5462,-0.1
5463,3.9
5464,4.0
5465,-0.1
5466,-0.6
5467,3.9
5468,4.0
5469,-0.1
5470,3.6
5471,3.8
5472,-0.30000000000000004
5473,-0.30000000000000004
5474,-0.30000000000000004
5475,3.9
5476,-0.4
5477,3.7
5478,-0.1
5479,-0.30000000000000004
5480,3.8
5481,-0.2
5482,3.7
5483,3.7
5484,4.0
5485,-0.2
5486,3.7
5487,-0.2
5488,3.8
5489,3.9
5490,3.7
5491,3.9
5492,-0.30000000000000004
5493,3.6
5494,-0.30000000000000004
5495,3.9
5496,-0.4
5497,3.9
5498,4.0
5499,3.8
5500,3.8
5501,3.8
5502,4.0
5503,-0.4
5504,-1.2
5505,-0.4
5506,-0.30000000000000004
5507,-0.4
5508,-0.5
5509,-0.1
5510,-0.6
5511,3.8
5512,-0.30000000000000004
5513,-0.30000000000000004
5514,-0.2
5515,-0.1
5516,-0.1
5517,-0.1
5518,-0.30000000000000004
5519,3.8
5520,-0.2
5521,4.0
5522,3.9
5523,3.8
5524,3.9
5525,-0.4
5526,3.8
5527,3.9
5528,-0.30000000000000004
5529,3.7
5530,-0.5
5531,4.0
5532,3.8
5533,3.8
5534,-0.4
5535,-0.2
5536,-0.30000000000000004
5537,-0.4
5538,-0.4
5539,3.9
5540,-0.2
5541,-0.6
5542,3.9
5543,-0.1
5544,3.9
5545,3.9
5546,3.9
5547,3.8
5548,-1.3
5549,-0.1
5550,-0.2
5551,3.8
5552,3.8
5553,3.9
5554,-0.2
5555,3.8
5556,-0.2
5557,-0.30000000000000004
5558,3.8
5559,-0.2
5560,-0.5
5561,3.7
5562,-0.2
5563,3.8
5564,-0.30000000000000004
5565,3.7
5566,3.7
5567,-0.1
5568,-0.1
5569,-0.2
5570,-0.2
5571,4.0
5572,-0.30000000000000004
5573,3.8
5574,-1.9000000000000006
5575,-0.30000000000000004
5576,-0.30000000000000004
5577,3.8
5578,-0.30000000000000004
5579,-0.1
5580,-0.2
5581,3.8
5582,3.9
5583,3.8
5584,3.7
5585,-0.1
5586,3.9
5587,-0.1
5588,3.8
5589,-0.4
5590,-0.2
5591,3.9
5592,-0.4
5593,-0.30000000000000004
5594,-0.2
5595,-0.5
5596,-0.2
5597,3.8
5598,3.9
5599,-0.30000000000000004
5600,3.9
5601,3.9
5602,4.0
5603,3.9
5604,-0.2
5605,-0.2
5606,-0.5
5607,-0.2
5608,-1.3
5609,-0.4
5610,3.9
5611,3.6
5612,3.8
5613,-0.30000000000000004
5614,-0.30000000000000004
5615,-0.4
5616,-0.4
5617,-0.1
5618,3.9
5619,3.8
5620,-0.4
5621,-0.30000000000000004
5622,3.9
5623,4.0
5624,-0.30000000000000004
5625,4.0
5626,4.0
5627,4.0
5628,-0.1
5629,3.9
5630,4.0
5631,3.8
5632,-0.2
5633,-0.4
5634,-0.5
5635,4.0
5636,3.9
5637,-0.5
5638,-0.5
5639,3.9
5640,-0.2
5641,3.9
5642,3.9
5643,3.7
5644,-0.30000000000000004
5645,3.7
5646,-0.4
5647,3.9
5648,3.5
5649,-0.4
5650,-0.5
5651,3.9
5652,3.8
5653,-0.30000000000000004
5654,-0.30000000000000004
5655,3.8
5656,4.0
5657,-0.1
5658,3.9
5659,-0.1
5660,3.9
5661,3.8
5662,3.9
5663,-0.2
5664,3.8
5665,-0.2
5666,3.9
5667,3.9
5668,3.8
5669,-0.4
5670,3.5
5671,-0.30000000000000004
5672,-1.2
5673,3.8
5674,-0.2
5675,3.7
5676,3.8
5677,3.9
5678,-1.7000000000000004
5679,-1.4000000000000001
5680,3.9
5681,-0.30000000000000004
5682,4.0
5683,3.8
5684,4.0
5685,3.9
5686,-0.30000000000000004
5687,-0.2
5688,-0.30000000000000004
5689,3.7
5690,3.9
5691,-0.5
5692,-0.1
5693,-0.1
5694,-0.5
5695,-0.6
5696,3.8
5697,3.6
5698,-0.4
5699,3.7
5700,-0.2
5701,-0.2
5702,-0.2
5703,-0.6
5704,-0.30000000000000004
5705,3.9
5706,3.8
5707,-0.4
5708,-0.5
5709,3.7
5710,-0.2
5711,-0.4
5712,3.8
5713,3.8
5714,3.9
5715,4.0
5716,-0.2
5717,3.8
5718,-0.2
5719,3.7
5720,3.8
5721,-0.1
5722,-0.4
5723,-0.6
5724,3.9
5725,-0.2
5726,-0.1
5727,-0.5
5728,-0.4
5729,3.9
5730,3.9
5731,-0.5
5732,4.0
5733,3.7
5734,4.0
5735,3.9
5736,4.0
5737,-0.4
5738,-0.4
5739,3.4
5740,3.8
5741,3.8
5742,3.5
5743,3.9
5744,-0.5
5745,-0.30000000000000004
5746,-0.4
5747,3.9
5748,-0.2
5749,3.3
5750,3.9
5751,4.0
5752,-0.1
5753,-0.1
5754,-0.30000000000000004
5755,3.9
5756,3.7
5757,-0.2
5758,3.7
5759,-0.30000000000000004
5760,3.8
5761,3.9
5762,-0.30000000000000004
5763,4.0
5764,4.0
5765,3.9
5766,3.9
5767,-0.2
5768,3.8
5769,3.9
5770,3.7
5771,3.9
5772,-0.4
5773,-0.1
5774,3.9
5775,-0.30000000000000004
5776,-0.1
5777,-0.30000000000000004
5778,3.7
5779,-0.7
5780,3.8
5781,3.6
5782,4.0
5783,-0.30000000000000004
5784,3.9
5785,-0.2
5786,3.8
5787,-0.5
5788,-0.4
5789,3.9
5790,3.9
5791,3.6
5792,-0.1
5793,4.0
5794,-0.1
5795,-0.1
5796,3.8
5797,3.7
5798,-1.4000000000000001
5799,3.9
5800,-0.30000000000000004
5801,3.9
5802,-0.5
5803,3.8
5804,-0.4
5805,3.9
5806,-0.4
5807,-0.2
5808,-0.4
5809,4.0
5810,3.7
5811,3.6
5812,-0.30000000000000004
5813,4.0
5814,-0.2
5815,3.8
5816,-0.2
5817,3.4
5818,-0.1
5819,3.7
5820,-0.2
5821,-0.4
5822,3.9
5823,3.9
5824,-0.1
5825,-0.30000000000000004
5826,-0.2
5827,3.9
5828,4.0
5829,-0.30000000000000004
5830,-0.30000000000000004
5831,-0.2
5832,4.0
5833,-0.30000000000000004
5834,3.9
5835,-0.2
5836,4.0
5837,-0.2
5838,-0.4
5839,3.4
5840,-0.4
5841,3.9
5842,3.8
5843,3.9
5844,3.7
5845,-0.4
5846,3.6
5847,4.0
5848,-0.1
5849,-0.2
5850,-0.6
5851,-0.1
5852,-0.1
5853,3.8
5854,-0.4
5855,-0.1
5856,4.0
5857,-0.4
5858,3.8
5859,-0.1
5860,-0.30000000000000004
5861,-0.2
5862,4.0
5863,3.9
5864,-0.4
5865,3.9
5866,-0.30000000000000004
5867,-0.2
5868,-0.1
5869,3.9
5870,-0.2
5871,4.0
5872,4.0
5873,-0.6
5874,-0.4
5875,-0.30000000000000004
5876,-0.4
5877,3.9
5878,-0.4
5879,4.0
5880,-0.30000000000000004
5881,-0.2
5882,-0.4
5883,-0.30000000000000004
5884,3.8
5885,-0.1
5886,3.9
5887,3.7
5888,3.8
5889,-0.2
5890,3.7
5891,4.0
5892,3.6
5893,4.0
5894,3.9
5895,3.9
5896,-0.9999999999999999
5897,-0.5
5898,3.4
5899,-0.4
5900,3.9
5901,-0.2
5902,3.8
5903,-0.30000000000000004
5904,-0.30000000000000004
5905,-0.2
5906,-0.1
5907,-0.2
5908,-0.30000000000000004
5909,-0.7
5910,-0.4
5911,4.0
5912,-0.4
5913,3.9
5914,-0.30000000000000004
5915,-0.4
5916,-0.1
5917,3.8
5918,-0.2
5919,-0.5
5920,-0.5
5921,-0.2
5922,3.8
5923,-0.4
5924,3.9
5925,-0.30000000000000004
5926,3.5
5927,-0.4
5928,3.7
5929,3.8
5930,3.8
5931,3.8
5932,3.7
5933,-0.4
5934,-0.4
5935,3.7
5936,3.8
5937,3.8
5938,3.6
5939,3.8
5940,3.9
5941,3.9
5942,-0.5
5943,3.9
5944,-0.1
5945,3.8
5946,-0.1
5947,-0.4
5948,3.6
5949,-0.2
5950,-0.2
5951,-0.2
5952,-0.2
5953,3.8
5954,3.7
5955,-0.30000000000000004
5956,3.9
5957,-0.30000000000000004
5958,3.9
5959,3.6
5960,3.8
5961,-0.2
5962,-0.30000000000000004
5963,-1.7000000000000004
5964,-0.2
5965,-0.2
5966,-0.2
5967,-0.30000000000000004
5968,3.9
5969,-0.1
5970,-0.30000000000000004
5971,-0.1
5972,3.9
5973,4.0
5974,-0.1
5975,-0.2
5976,-0.1
5977,4.0
5978,4.0
5979,-0.5
5980,3.5
5981,3.9
5982,-0.1
5983,3.7
5984,-0.4
5985,-0.30000000000000004
5986,-0.2
5987,3.9
5988,-0.2
5989,-0.2
5990,4.0
5991,4.0
5992,3.6
5993,-0.2
5994,3.9
5995,-0.2
5996,3.5
5997,4.0
5998,-0.4
5999,3.7
6000,-0.2
6001,-0.4
6002,4.0
6003,3.9
6004,-0.30000000000000004
6005,3.8
6006,-0.30000000000000004
6007,-0.1
6008,3.8
6009,-0.30000000000000004
6010,-0.1
6011,3.7
6012,-0.2
6013,-0.30000000000000004
6014,-0.2
6015,3.7
6016,4.0
6017,-0.30000000000000004
6018,3.5
6019,3.9
6020,3.9
6021,-0.5
6022,-0.2
6023,3.8
6024,3.8
6025,-0.4
6026,3.4
6027,-0.1
6028,4.0
6029,4.0
6030,3.5
6031,-0.2
6032,-0.2
6033,-0.1
6034,4.0
6035,-0.2
6036,-0.30000000000000004
6037,3.8
6038,3.9
6039,3.9
6040,3.9
6041,3.9
6042,3.8
6043,4.0
6044,-0.6
6045,-0.2
6046,-0.4
6047,-0.9999999999999999
6048,3.5
6049,3.9
6050,4.0
6051,-0.2
6052,-0.2
6053,-0.30000000000000004
6054,-0.1
6055,-0.2
6056,3.8
6057,3.9
6058,3.7
6059,-0.1
6060,3.9
6061,-0.1
6062,4.0
6063,3.9
6064,3.9
6065,3.9
6066,3.7
6067,-0.30000000000000004
6068,-0.1
6069,-0.30000000000000004
6070,3.9
6071,-0.2
6072,-0.7999999999999999
6073,3.9
6074,-0.30000000000000004
6075,-0.2
6076,-0.2
6077,3.9
6078,-0.30000000000000004
6079,-0.2
6080,3.9
6081,-0.5
6082,4.0
6083,3.7
6084,-0.4
6085,3.9
6086,3.9
6087,3.8
6088,-0.30000000000000004
6089,4.0
6090,-0.1
6091,3.9
6092,-0.4
6093,-0.6
6094,-0.2
6095,3.8
6096,3.4
6097,-0.2
6098,-0.2
6099,-0.4
6100,-0.1
6101,-0.2
6102,3.8
6103,3.7
6104,3.8
6105,3.6
6106,-0.30000000000000004
6107,3.9
6108,3.9
6109,3.9
6110,3.8
6111,3.8
6112,3.9
6113,-0.6
6114,3.6
6115,3.9
6116,3.9
6117,-0.4
6118,-0.30000000000000004
6119,-0.2
6120,3.8
6121,-0.30000000000000004
6122,-0.2
6123,3.9
6124,3.7
6125,-0.1
6126,-0.2
6127,-0.2
6128,-0.4
6129,3.6
6130,3.9
6131,3.8
6132,-0.4
6133,3.8
6134,3.7
6135,-0.30000000000000004
6136,4.0
6137,3.9
6138,3.9
6139,-0.2
6140,-0.30000000000000004
6141,-0.2
6142,-0.8999999999999999
6143,-0.2
6144,3.9
6145,3.9
6146,3.9
6147,-0.2
6148,3.7
6149,3.8
6150,4.0
6151,4.0
6152,3.7
6153,-0.5
6154,-0.4
6155,4.0
6156,-0.1
6157,4.0
6158,-0.30000000000000004
6159,3.9
6160,-0.6
6161,3.8
6162,-0.30000000000000004
6163,-0.30000000000000004
6164,-0.30000000000000004
6165,3.9
6166,-0.2
6167,-0.30000000000000004
6168,3.8
6169,-0.6
6170,-0.2
6171,-0.4
6172,3.6
6173,-0.4
6174,-0.4
6175,-0.2
6176,-0.2
6177,-0.2
6178,3.8
6179,4.0
6180,-0.2
6181,3.9
6182,-0.2
6183,-0.4
6184,-0.2
6185,3.8
6186,-0.2
6187,-0.2
6188,3.9
6189,-0.1
6190,-0.30000000000000004
6191,3.8
6192,4.0
6193,3.8
6194,3.8
6195,3.9
6196,-0.4
6197,-0.4
6198,3.9
6199,3.8
6200,3.9
6201,-0.2
6202,3.8
6203,-0.5
6204,4.0
6205,-0.2
6206,-0.30000000000000004
6207,3.3
6208,-0.1
6209,3.8
6210,3.4
6211,3.9
6212,-0.1
6213,-0.4
6214,3.8
6215,3.7
6216,3.8
6217,-0.2
6218,3.9
6219,3.7
6220,-0.1
6221,3.8
6222,3.8
6223,-0.4
6224,3.9
6225,-0.30000000000000004
6226,3.7
6227,3.9
6228,3.7
6229,3.9
6230,4.0
6231,-0.2
6232,-0.1
6233,3.9
6234,-8.499999999999972
6235,-0.1
6236,4.0
6237,3.6
6238,-21.600000000000037
6239,-5.299999999999997
6240,3.9
6241,3.8
6242,-21.600000000000037
6243,3.7
6244,-0.4
6245,-0.30000000000000004
6246,-0.2
6247,3.9
6248,3.6
6249,3.7
6250,-0.4
6251,4.0
6252,-0.2
6253,4.0
6254,3.9
6255,-0.30000000000000004
6256,-0.2
6257,4.0
6258,-0.2
6259,-0.30000000000000004
6260,3.7
6261,3.8
6262,-0.2
6263,-0.30000000000000004
6264,-0.5
6265,-0.2
6266,4.0
6267,3.9
6268,-0.2
6269,-0.4
6270,3.8
6271,-0.5
6272,3.7
6273,3.7
6274,3.9
6275,3.7
6276,-0.2
6277,4.0
6278,-0.7
6279,3.8
6280,4.0
6281,-0.30000000000000004
6282,-0.4
6283,-0.1
6284,-0.2
6285,3.9
6286,-0.30000000000000004
6287,-0.1
6288,-0.30000000000000004
6289,3.9
6290,3.7
6291,-0.4
6292,3.9
6293,3.6
6294,-0.2
6295,3.6
6296,3.8
6297,-0.1
6298,-0.2
6299,3.9
6300,-0.1
6301,-0.5
6302,4.0
6303,3.6
6304,-0.30000000000000004
6305,3.6
6306,-0.2
6307,-0.4
6308,3.8
6309,-0.2
6310,-0.4
6311,-0.4
6312,-0.4
6313,-0.30000000000000004
6314,3.8
6315,-0.30000000000000004
6316,3.6
6317,-0.30000000000000004
6318,3.7
6319,-0.30000000000000004
6320,4.0
6321,-0.2
6322,-0.1
6323,3.9
6324,-0.2
6325,-0.1
6326,3.9
6327,3.9
6328,-0.5
6329,3.8
6330,3.8
6331,4.0
6332,4.0
6333,3.8
6334,-0.1
6335,-0.30000000000000004
6336,3.8
6337,4.0
6338,-0.4
6339,-0.30000000000000004
6340,4.0
6341,-0.1
6342,3.8
6343,3.7
6344,4.0
6345,-0.1
6346,-0.2
6347,3.9
6348,-0.1
6349,-0.30000000000000004
6350,-0.2
6351,3.8
6352,3.7
6353,3.6
6354,3.9
6355,3.5
6356,-0.7
6357,-0.6
6358,3.9
6359,3.9
6360,4.0
6361,-0.2
6362,-0.30000000000000004
6363,3.7
6364,-0.2
6365,-0.6
6366,-0.2
6367,3.7
6368,3.6
6369,-0.2
6370,-1.3
6371,3.8
6372,-0.2
6373,-0.2
6374,3.8
6375,4.0
6376,4.0
6377,3.9
6378,-0.1
6379,-0.2
6380,3.8
6381,-0.2
6382,-0.4
6383,3.9
6384,-0.2
6385,3.9
6386,3.7
6387,3.8
6388,3.8
6389,4.0
6390,-0.4
6391,3.7
6392,-0.2
6393,3.7
6394,-0.6
6395,3.7
6396,3.7
6397,3.8
6398,-0.30000000000000004
6399,4.0
6400,3.9
6401,-0.2
6402,-0.2
6403,-0.30000000000000004
6404,3.9
6405,3.7
6406,3.8
6407,-0.4
6408,3.7
6409,-0.2
6410,-0.1
6411,-0.2
6412,-0.4
6413,3.9
6414,-0.2
6415,-0.1
6416,4.0
6417,3.7
6418,3.8
6419,-0.4
6420,-0.4
6421,-0.2
6422,-0.2
6423,3.7
6424,-0.4
6425,3.9
6426,-0.2
6427,-0.30000000000000004
6428,3.9
6429,3.8
6430,3.9
6431,-0.4
6432,-0.4
6433,3.8
6434,-0.30000000000000004
6435,3.9
6436,3.9
6437,-0.4
6438,-0.2
6439,3.9
6440,3.8
6441,-0.1
6442,-0.30000000000000004
6443,3.5
6444,4.0
6445,3.8
6446,-0.2
6447,-0.2
6448,-0.1
6449,3.9
6450,3.8
6451,3.9
6452,-0.30000000000000004
6453,-0.5
6454,4.0
6455,4.0
6456,-0.30000000000000004
6457,-0.6
6458,-0.30000000000000004
6459,3.9
6460,-0.2
6461,4.0
6462,-0.30000000000000004
6463,3.8
6464,3.8
6465,3.8
6466,-0.2
6467,-0.30000000000000004
6468,-0.2
6469,3.7
6470,-0.1
6471,-0.30000000000000004
6472,-0.30000000000000004
6473,4.0
6474,3.4
6475,3.6
6476,-0.30000000000000004
6477,-0.2
6478,3.9
6479,3.8
6480,-0.4
6481,-0.4
6482,-0.30000000000000004
6483,-0.30000000000000004
6484,4.0
6485,-0.2
6486,-0.1
6487,-0.30000000000000004
6488,4.0
6489,4.0
6490,-0.1
6491,3.8
6492,-0.2
6493,3.9
6494,-0.5
6495,3.7
6496,-0.2
6497,-0.1
6498,4.0
6499,3.9
