episode,reward
0,4
1,3.9
2,4
3,-0.30000000000000004
4,-0.30000000000000004
5,-0.2
6,4
7,-0.2
8,3.9
9,-0.2
10,-0.30000000000000004
11,-0.30000000000000004
12,3.9
13,4
14,3.9
15,4
16,4
17,3.9
18,3.9
19,3.9
20,-0.2
21,0.4999999999999982
22,3.7
23,3.9
24,3.9
25,3.8
26,3.8
27,4
28,3.6
29,3.7
30,3.8
31,4
32,4
33,4
34,3.9
35,4
36,3.8
37,3.8
38,4
39,4
40,3.8
41,-0.6
42,3.9
43,3.9
44,4
45,-0.30000000000000004
46,4
47,3.7
48,3.9
49,-0.1
50,3.9
51,3.8
52,3.9
53,4
54,3.9
55,-0.2
56,4
57,3.7
58,3.9
59,-0.4
60,4
61,3.9
62,-0.2
63,3.9
64,3.9
65,4
66,3.8
67,-0.30000000000000004
68,3.9
69,4
70,3.8
71,3.9
72,3.9
73,3.9
74,2.0999999999999996
75,3.9
76,3.6
77,3.8
78,4
79,3.9
80,-0.2
81,3.9
82,3.8
83,3.7
84,3.9
85,3.8
86,4
87,3.9
88,4
89,3.9
90,3.8
91,3.9
92,3.7
93,3.6
94,3.6
95,3.8
96,3.9
97,3.9
98,4
99,-0.30000000000000004
100,3.9
101,4
102,3.9
103,4
104,4
105,4
106,3.9
107,3.7
108,3.9
109,4
110,4
111,3.9
112,3.8
113,3.9
114,3.9
115,3.8
116,4
117,-0.1
118,3.8
119,4
120,3.9
121,4
122,4
123,3.7
124,3.8
125,4
126,4
127,3.9
128,4
129,3.9
130,-0.1
131,-0.2
132,3.9
133,3.9
134,4
135,4
136,3.8
137,3.9
138,3.9
139,4
140,3.9
141,4
142,3.9
143,3.9
144,3.7
145,3.9
146,3.9
147,4
148,3.7
149,4
150,3.9
151,-0.2
152,3.9
153,3.6
154,4
155,3.9
156,3.9
157,3.9
158,3.9
159,4
160,4
161,4
162,4
163,4
164,4
165,4
166,3.9
167,3.6
168,4
169,3.8
170,3.9
171,4
172,3.9
173,4
174,3.9
175,3.9
176,3.9
177,4
178,-0.2
179,4
180,3.9
181,4
182,4
183,4
184,3.9
185,4
186,4
187,4
188,4
189,4
190,4
191,-0.2
192,-0.30000000000000004
193,3.8
194,3.9
195,4
196,4
197,4
198,3.8
199,3.9
200,4
201,4
202,4
203,3.7
204,3.9
205,4
206,4
207,3.9
208,3.7
209,3.9
210,3.8
211,3.8
212,4
213,3.7
214,-0.30000000000000004
215,3.9
216,4
217,3.9
218,-0.2
219,4
220,3.9
221,3.9
222,4
223,3.7
224,4
225,4
226,4
227,3.9
228,4
229,3.9
230,4
231,4
232,3.9
233,4
234,3.9
235,3.9
236,4
237,-0.30000000000000004
238,3.9
239,3.9
240,3.9
241,3.7
242,3.9
243,-0.2
244,3.9
245,3.9
246,4
247,4
248,3.9
249,3.9
250,3.9
251,3.8
252,4
253,3.8
254,4
255,4
256,3.9
257,3.9
258,4
259,3.9
260,3.8
261,3.9
262,3.9
263,3.8
264,3.9
265,3.8
266,3.9
267,3.9
268,3.9
269,3.8
270,3.9
271,-0.1
272,3.9
273,4
274,3.7
275,3.8
276,3.9
277,3.9
278,3.7
279,3.9
280,3.9
281,4
282,3.9
283,-0.30000000000000004
284,3.9
285,4
286,3.9
287,3.9
288,4
289,3.9
290,4
291,4
292,3.8
293,4
294,3.9
295,3.9
296,3.9
297,4
298,3.7
299,3.9
300,3.7
301,3.9
302,3.8
303,3.9
304,3.9
305,3.9
306,4
307,3.9
308,4
309,4
310,3.8
311,4
312,3.8
313,4
314,3.9
315,4
316,4
317,4
318,3.8
319,4
320,4
321,4
322,3.9
323,4
324,3.7
325,3.8
326,4
327,3.9
328,3.8
329,4
330,3.8
331,4
332,3.7
333,4
334,4
335,4
336,4
337,4
338,3.8
339,3.8
340,3.8
341,4
342,3.9
343,-0.2
344,3.9
345,4
346,-0.2
347,3.9
348,-0.1
349,3.9
350,-0.1
351,4
352,4
353,3.9
354,4
355,4
356,3.9
357,4
358,4
359,4
360,3.9
361,4
362,3.9
363,3.7
364,4
365,3.8
366,-0.1
367,3.9
368,4
369,3.9
370,3.8
371,4
372,4
373,4
374,4
375,3.9
376,4
377,3.9
378,3.9
379,4
380,4
381,3.8
382,3.8
383,4
384,4
385,3.8
386,3.9
387,4
388,3.9
389,3.9
390,4
391,-0.30000000000000004
392,3.9
393,4
394,3.9
395,4
396,3.9
397,4
398,-0.2
399,3.9
400,4
401,4
402,3.9
403,3.9
404,-0.2
405,3.8
406,-0.2
407,4
408,4
409,4
410,4
411,3.7
412,3.9
413,4
414,-0.1
415,4
416,4
417,3.8
418,3.9
419,4
420,4
421,3.9
422,3.8
423,3.9
424,4
425,4
426,4
427,-0.30000000000000004
428,3.8
429,4
430,4
431,3.9
432,4
433,3.8
434,3.8
435,4
436,4
437,4
438,3.9
439,3.9
440,-0.5
441,3.8
442,3.8
443,3.9
444,3.9
445,3.8
446,4
447,-0.30000000000000004
448,3.9
449,3.9
450,4
451,4
452,4
453,4
454,-0.30000000000000004
455,4
456,3.9
457,3.8
458,3.9
459,3.8
460,3.9
461,3.8
462,3.8
463,3.9
464,4
465,-0.2
466,3.8
467,3.8
468,3.9
469,4
470,3.9
471,3.9
472,-0.4
473,4
474,3.9
475,4
476,4
477,3.8
478,3.9
479,3.9
480,3.8
481,4
482,4
483,4
484,4
485,3.7
486,4
487,4
488,3.9
489,3.8
490,3.9
491,4
492,3.8
493,4
494,4
495,3.9
496,4
497,4
498,3.9
499,4
500,4
501,3.9
502,4
503,3.9
504,3.9
505,3.9
506,3.8
507,4
508,3.9
509,4
510,3.9
511,3.7
512,3.9
513,3.9
514,-0.1
515,3.9
516,4
517,3.9
518,3.9
519,3.9
520,3.9
521,3.9
522,4
523,3.8
524,4
525,4
526,4
527,4
528,4
529,3.8
530,4
531,4
532,4
533,3.9
534,3.8
535,4
536,4
537,3.9
538,4
539,3.9
540,4
541,4
542,3.9
543,4
544,3.5
545,3.7
546,3.9
547,3.9
548,3.8
549,3.9
550,4
551,3.8
552,3.9
553,3.9
554,3.9
555,-0.2
556,3.8
557,3.8
558,3.9
559,4
560,4
561,3.9
562,3.7
563,-0.2
564,3.9
565,3.9
566,4
567,4
568,4
569,3.9
570,4
571,4
572,3.9
573,4
574,3.8
575,3.9
576,3.9
577,3.9
578,4
579,3.9
580,4
581,3.8
582,4
583,3.9
584,4
585,3.9
586,3.9
587,3.7
588,4
589,3.7
590,3.9
591,4
592,4
593,4
594,4
595,4
596,3.8
597,3.8
598,3.7
599,4
600,3.9
601,4
602,4
603,-0.2
604,4
605,4
606,3.9
607,3.9
608,4
609,3.9
610,3.9
611,4
612,4
613,3.9
614,4
615,3.9
616,3.9
617,4
618,4
619,3.9
620,3.8
621,4
622,3.9
623,3.9
624,3.8
625,4
626,3.9
627,4
628,4
629,4
630,3.9
631,3.8
632,-0.1
633,3.9
634,4
635,3.7
636,4
637,3.9
638,3.9
639,4
640,3.2
641,3.9
642,4
643,4
644,4
645,4
646,3.9
647,4
648,3.9
649,4
650,-0.2
651,3.9
652,3.8
653,3.9
654,3.8
655,4
656,3.9
657,3.9
658,4
659,3.6
660,4
661,4
662,3.9
663,3.8
664,4
665,3.9
666,4
667,3.9
668,4
669,3.9
670,4
671,4
672,3.8
673,4
674,4
675,3.9
676,3.9
677,4
678,3.9
679,3.9
680,4
681,4
682,3.9
683,3.9
684,-0.30000000000000004
685,3.9
686,3.9
687,4
688,3.7
689,3.8
690,4
691,3.9
692,4
693,3.9
694,4
695,3.9
696,3.9
697,3.9
698,3.9
699,3.8
700,3.9
701,3.8
702,3.8
703,3.9
704,3.8
705,3.7
706,3.8
707,3.8
708,3.9
709,3.9
710,3.7
711,3.9
712,3.9
713,3.7
714,3.9
715,3.9
716,3.9
717,3.9
718,-0.30000000000000004
719,4
720,4
721,3.9
722,4
723,3.9
724,3.9
725,4
726,4
727,4
728,4
729,4
730,3.9
731,4
732,4
733,4
734,4
735,3.9
736,3.9
737,3.7
738,4
739,4
740,3.8
741,3.9
742,3.8
743,3.9
744,3.9
745,4
746,4
747,3.8
748,3.9
749,3.9
750,3.9
751,3.7
752,3.8
753,3.8
754,3.9
755,3.9
756,3.8
757,3.9
758,4
759,3.9
760,3.7
761,3.9
762,-0.4
763,4
764,4
765,4
766,4
767,3.8
768,4
769,3.7
770,4
771,4
772,3.9
773,4
774,3.9
775,4
776,3.9
777,3.9
778,3.9
779,3.9
780,4
781,3.9
782,4
783,3.9
784,4
785,4
786,3.8
787,4
788,3.9
789,3.8
790,3.8
791,3.8
792,-0.30000000000000004
793,4
794,3.9
795,3.8
796,3.7
797,4
798,4
799,3.8
800,3.9
801,3.9
802,3.8
803,-0.2
804,3.8
805,3.9
806,4
807,3.9
808,4
809,4
810,3.8
811,3.9
812,4
813,4
814,4
815,3.8
816,3.9
817,3.8
818,3.9
819,4
820,4
821,-0.2
822,4
823,4
824,4
825,3.9
826,4
827,3.9
828,3.9
829,4
830,3.9
831,3.8
832,-0.2
833,4
834,3.9
835,3.9
836,4
837,3.8
838,3.8
839,4
840,3.9
841,4
842,3.8
843,3.8
844,4
845,3.9
846,4
847,3.9
848,3.9
849,3.9
850,3.7
851,3.8
852,3.8
853,3.9
854,3.9
855,3.9
856,3.8
857,4
858,3.9
859,4
860,3.9
861,3.7
862,3.9
863,4
864,3.9
865,4
866,3.8
867,4
868,3.8
869,4
870,4
871,3.9
872,-0.30000000000000004
873,4
874,3.9
875,4
876,3.9
877,3.9
878,3.9
879,3.9
880,4
881,4
882,3.9
883,0.4999999999999982
884,3.9
885,3.9
886,4
887,3.9
888,3.9
889,4
890,3.9
891,3.8
892,3.8
893,3.9
894,3.9
895,4
896,3.9
897,3.9
898,4
899,3.9
900,4
901,4
902,-0.1
903,4
904,4
905,3.8
906,4
907,4
908,4
909,4
910,4
911,4
912,3.9
913,3.9
914,4
915,4
916,4
917,4
918,3.9
919,4
920,4
921,3.9
922,4
923,4
924,4
925,3.9
926,4
927,4
928,3.9
929,4
930,4
931,4
932,3.9
933,4
934,4
935,3.9
936,4
937,4
938,3.8
939,3.9
940,3.9
941,3.9
942,3.9
943,4
944,4
945,3.9
946,4
947,4
948,3.9
949,3.8
950,3.9
951,3.9
952,0.19999999999999796
953,4
954,3.9
955,3.9
956,4
957,3.8
958,3.9
959,4
960,3.8
961,4
962,4
963,4
964,3.8
965,4
966,3.9
967,4
968,3.9
969,3.9
970,3.9
971,4
972,4
973,3.9
974,4
975,4
976,4
977,3.9
978,4
979,3.8
980,3.9
981,4
982,4
983,4
984,4
985,3.8
986,4
987,4
988,4
989,4
990,4
991,4
992,4
993,4
994,3.8
995,4
996,4
997,3.8
998,4
999,4
1000,3.1
1001,-0.30000000000000004
1002,3.8
1003,4
1004,4
1005,4
1006,3.9
1007,3.7
1008,4
1009,3.9
1010,3.9
1011,3.9
1012,4
1013,3.9
1014,3.8
1015,3.9
1016,3.9
1017,-0.2
1018,3.9
1019,4
1020,4
1021,4
1022,3.9
1023,3.8
1024,3.9
1025,3.9
1026,4
1027,3.8
1028,4
1029,3.9
1030,3.8
1031,4
1032,4
1033,3.9
1034,3.8
1035,4
1036,3.9
1037,3.9
1038,4
1039,3.8
1040,3.9
1041,4
1042,-0.1
1043,3.8
1044,4
1045,4
1046,4
1047,4
1048,3.9
1049,4
1050,3.8
1051,3.8
1052,-0.30000000000000004
1053,3.7
1054,3.8
1055,4
1056,4
1057,4
1058,4
1059,3.9
1060,-0.1
1061,3.9
1062,3.9
1063,3.9
1064,4
1065,3.9
1066,3.9
1067,4
1068,3.9
1069,3.9
1070,3.8
1071,3.8
1072,3.8
1073,3.9
1074,3.9
1075,3.8
1076,3.8
1077,3.8
1078,3.9
1079,4
1080,3.9
1081,4
1082,4
1083,-0.4
1084,3.9
1085,3.9
1086,3.9
1087,4
1088,4
1089,4
1090,3.9
1091,3.9
1092,3.9
1093,3.9
1094,3.9
1095,3.9
1096,4
1097,4
1098,3.9
1099,3.9
1100,3.8
1101,3.7
1102,3.9
1103,3.9
1104,3.8
1105,3.8
1106,3.9
1107,3.9
1108,3.7
1109,3.8
1110,3.9
1111,4
1112,4
1113,4
1114,3.8
1115,3.7
1116,3.9
1117,3.8
1118,3.9
1119,4
1120,4
1121,3.9
1122,4
1123,4
1124,4
1125,3.9
1126,4
1127,4
1128,4
1129,4
1130,3.9
1131,3.8
1132,4
1133,3.9
1134,3.6
1135,3.8
1136,3.9
1137,3.7
1138,3.9
1139,4
1140,4
1141,4
1142,4
1143,4
1144,4
1145,3.8
1146,3.7
1147,4
1148,3.9
1149,4
1150,3.9
1151,3.9
1152,4
1153,3.9
1154,4
1155,3.6
1156,4
1157,3.9
1158,3.8
1159,3.8
1160,4
1161,3.9
1162,3.8
1163,3.9
1164,3.9
1165,3.9
1166,4
1167,3.9
1168,4
1169,3.9
1170,3.9
1171,3.9
1172,4
1173,3.9
1174,3.8
1175,3.9
1176,3.8
1177,3.9
1178,3.9
1179,4
1180,3.9
1181,3.9
1182,4
1183,3.9
1184,3.9
1185,3.9
1186,3.7
1187,4
1188,3.9
1189,4
1190,4
1191,4
1192,3.9
1193,3.8
1194,3.9
1195,3.9
1196,3.6
1197,4
1198,3.8
1199,3.9
1200,3.8
1201,3.9
1202,3.9
1203,3.9
1204,3.9
1205,4
1206,4
1207,4
1208,3.8
1209,3.8
1210,4
1211,3.8
1212,3.6
1213,4
1214,3.9
1215,3.9
1216,4
1217,3.9
1218,3.9
1219,4
1220,3.9
1221,3.9
1222,3.7
1223,3.9
1224,4
1225,4
1226,-0.30000000000000004
1227,3.8
1228,4
1229,3.9
1230,3.8
1231,3.9
1232,3.9
1233,3.7
1234,4
1235,4
1236,3.9
1237,3.8
1238,3.9
1239,4
1240,-0.2
1241,-0.2
1242,-0.30000000000000004
1243,3.9
1244,3.8
1245,3.8
1246,4
1247,3.9
1248,3.9
1249,4
1250,-0.2
1251,4
1252,3.8
1253,3.9
1254,3.9
1255,3.9
1256,3.9
1257,3.9
1258,4
1259,3.9
1260,3.9
1261,4
1262,3.8
1263,4
1264,3.8
1265,4
1266,3.8
1267,4
1268,3.9
1269,4
1270,3.9
1271,3.9
1272,3.7
1273,3.7
1274,4
1275,4
1276,4
1277,4
1278,3.9
1279,4
1280,3.9
1281,3.8
1282,3.7
1283,3.9
1284,3.8
1285,3.8
1286,3.9
1287,4
1288,3.9
1289,3.9
1290,4
1291,3.8
1292,4
1293,4
1294,3.7
1295,4
1296,3.9
1297,3.8
1298,3.9
1299,4
1300,4
1301,3.9
1302,4
1303,4
1304,-0.2
1305,3.9
1306,4
1307,4
1308,4
1309,4
1310,3.9
1311,4
1312,-0.2
1313,4
1314,4
1315,4
1316,4
1317,4
1318,4
1319,3.9
1320,3.9
1321,4
1322,4
1323,3.9
1324,4
1325,3.9
1326,3.9
1327,4
1328,3.8
1329,4
1330,4
1331,4
1332,3.9
1333,3.9
1334,3.8
1335,4
1336,4
1337,-0.2
1338,3.8
1339,3.9
1340,3.9
1341,3.9
1342,-0.1
1343,4
1344,3.8
1345,4
1346,4
1347,3.8
1348,3.9
1349,3.9
1350,4
1351,3.9
1352,4
1353,3.9
1354,3.9
1355,4
1356,3.9
1357,4
1358,3.9
1359,4
1360,3.9
1361,4
1362,3.8
1363,3.7
1364,3.8
1365,4
1366,4
1367,3.8
1368,4
1369,4
1370,4
1371,3.9
1372,4
1373,3.9
1374,3.8
1375,3.9
1376,4
1377,3.8
1378,-0.2
1379,4
1380,4
1381,4
1382,3.9
1383,3.9
1384,4
1385,4
1386,3.8
1387,4
1388,4
1389,3.9
1390,4
1391,4
1392,4
1393,4
1394,4
1395,4
1396,3.8
1397,4
1398,3.8
1399,-0.30000000000000004
1400,4
1401,4
1402,4
1403,3.8
1404,4
1405,4
1406,3.9
1407,4
1408,3.9
1409,4
1410,3.8
1411,3.9
1412,4
1413,3.9
1414,4
1415,3.9
1416,4
1417,3.9
1418,3.9
1419,4
1420,3.9
1421,4
1422,3.8
1423,3.8
1424,3.8
1425,4
1426,-0.30000000000000004
1427,4
1428,3.9
1429,3.7
1430,3.8
1431,4
1432,3.9
1433,3.9
1434,3.9
1435,3.8
1436,4
1437,3.9
1438,3.9
1439,3.8
1440,4
1441,3.8
1442,4
1443,3.9
1444,3.8
1445,3.9
1446,3.9
1447,3.9
1448,4
1449,3.9
1450,4
1451,3.8
1452,3.9
1453,3.9
1454,3.9
1455,3.9
1456,-0.30000000000000004
1457,4
1458,3.6
1459,3.9
1460,3.9
1461,3.8
1462,3.8
1463,4
1464,3.8
1465,4
1466,4
1467,3.9
1468,3.8
1469,3.9
1470,4
1471,4
1472,4
1473,3.7
1474,4
1475,4
1476,3.7
1477,3.9
1478,3.8
1479,4
1480,4
1481,4
1482,4
1483,4
1484,4
1485,3.9
1486,4
1487,3.8
1488,3.8
1489,3.8
1490,3.7
1491,4
1492,4
1493,4
1494,3.8
1495,3.9
1496,3.8
1497,4
1498,4
1499,3.9
1500,4
1501,4
1502,4
1503,3.9
1504,3.9
1505,4
1506,4
1507,3.9
1508,3.8
1509,4
1510,4
1511,3.9
1512,3.9
1513,4
1514,3.7
1515,3.7
1516,4
1517,4
1518,3.9
1519,4
1520,4
1521,4
1522,3.9
1523,3.8
1524,4
1525,4
1526,4
1527,3.8
1528,4
1529,4
1530,3.7
1531,3.8
1532,3.9
1533,3.8
1534,3.8
1535,3.8
1536,3.9
1537,3.9
1538,3.7
1539,3.9
1540,4
1541,3.8
1542,3.9
1543,4
1544,3.9
1545,3.6
1546,4
1547,3.8
1548,4
1549,4
1550,3.8
1551,3.9
1552,3.9
1553,3.9
1554,3.8
1555,4
1556,3.9
1557,-0.2
1558,4
1559,3.9
1560,3.9
1561,3.8
1562,-0.4
1563,3.7
1564,3.8
1565,4
1566,4
1567,4
1568,4
1569,3.9
1570,3.9
1571,3.9
1572,3.9
1573,3.8
1574,4
1575,3.8
1576,3.8
1577,3.9
1578,-0.4
1579,4
1580,4
1581,3.8
1582,3.8
1583,4
1584,4
1585,4
1586,4
1587,4
1588,4
1589,4
1590,3.9
1591,4
1592,4
1593,-0.1
1594,4
1595,3.9
1596,3.8
1597,4
1598,3.9
1599,3.9
1600,3.9
1601,4
1602,4
1603,3.9
1604,4
1605,4
1606,3.9
1607,3.8
1608,4
1609,4
1610,3.8
1611,3.9
1612,3.9
1613,3.8
1614,3.9
1615,4
1616,4
1617,4
1618,4
1619,4
1620,4
1621,4
1622,4
1623,4
1624,4
1625,4
1626,3.9
1627,3.8
1628,4
1629,4
1630,4
1631,3.9
1632,4
1633,3.9
1634,4
1635,4
1636,3.6
1637,4
1638,4
1639,4
1640,4
1641,4
1642,4
1643,3.9
1644,3.9
1645,3.9
1646,3.9
1647,3.9
1648,3.9
1649,3.7
1650,4
1651,3.8
1652,4
1653,3.9
1654,3.9
1655,3.8
1656,3.9
1657,3.9
1658,3.7
1659,3.9
1660,4
1661,4
1662,3.9
1663,3.9
1664,3.9
1665,3.9
1666,3.8
1667,3.6
1668,4
1669,3.9
1670,-0.30000000000000004
1671,4
1672,3.9
1673,3.9
1674,3.8
1675,-0.30000000000000004
1676,3.9
1677,4
1678,3.9
1679,3.9
1680,3.9
1681,4
1682,3.8
1683,3.9
1684,3.8
1685,4
1686,3.8
1687,3.9
1688,3.8
1689,3.6
1690,4
1691,4
1692,3.9
1693,4
1694,3.9
1695,3.9
1696,4
1697,3.9
1698,3.9
1699,3.9
1700,3.9
1701,3.6
1702,3.9
1703,3.8
1704,4
1705,3.9
1706,4
1707,3.8
1708,3.9
1709,3.8
1710,3.9
1711,4
1712,4
1713,3.7
1714,4
1715,3.9
1716,4
1717,4
1718,4
1719,-0.30000000000000004
1720,4
1721,4
1722,3.9
1723,4
1724,3.8
1725,3.9
1726,4
1727,4
1728,3.9
1729,4
1730,3.8
1731,3.9
1732,3.9
1733,3.9
1734,3.9
1735,4
1736,4
1737,3.9
1738,3.9
1739,3.9
1740,3.9
1741,3.6
1742,3.7
1743,3.9
1744,4
1745,3.9
1746,3.8
1747,3.9
1748,3.9
1749,3.9
1750,4
1751,3.6
1752,3.9
1753,3.8
1754,3.9
1755,3.9
1756,3.9
1757,4
1758,3.8
1759,3.9
1760,3.8
1761,3.9
1762,3.9
1763,3.7
1764,4
1765,3.9
1766,3.9
1767,4
1768,3.9
1769,3.9
1770,4
1771,3.8
1772,4
1773,3.9
1774,4
1775,4
1776,4
1777,3.9
1778,4
1779,3.9
1780,3.9
1781,3.9
1782,3.9
1783,3.8
1784,4
1785,-0.30000000000000004
1786,3.9
1787,3.8
1788,3.9
1789,4
1790,3.8
1791,-0.30000000000000004
1792,3.7
1793,3.9
1794,4
1795,3.9
1796,-0.2
1797,3.9
1798,3.9
1799,3.8
1800,4
1801,3.9
1802,3.5
1803,4
1804,-0.30000000000000004
1805,4
1806,3.9
1807,3.9
1808,3.9
1809,-0.2
1810,-0.30000000000000004
1811,-0.30000000000000004
1812,3.8
1813,3.9
1814,3.9
1815,3.8
1816,3.8
1817,3.8
1818,3.1
1819,4
1820,4
1821,3.9
1822,3.9
1823,3.9
1824,4
1825,3.9
1826,4
1827,4
1828,3.9
1829,3.9
1830,3.9
1831,4
1832,4
1833,4
1834,3.9
1835,3.9
1836,3.9
1837,3.9
1838,4
1839,4
1840,4
1841,4
1842,3.9
1843,4
1844,4
1845,4
1846,4
1847,4
1848,3.9
1849,4
1850,4
1851,3.7
1852,3.9
1853,4
1854,4
1855,3.8
1856,4
1857,3.9
1858,3.8
1859,3.8
1860,4
1861,3.9
1862,4
1863,3.8
1864,3.9
1865,-0.1
1866,3.9
1867,3.9
1868,4
1869,4
1870,4
1871,4
1872,3.8
1873,4
1874,4
1875,4
1876,3.8
1877,-0.4
1878,4
1879,4
1880,3.9
1881,3.9
1882,4
1883,4
1884,4
1885,3.8
1886,-0.2
1887,4
1888,4
1889,4
1890,3.9
1891,3.9
1892,3.9
1893,4
1894,3.8
1895,3.9
1896,3.9
1897,3.9
1898,4
1899,3.9
1900,4
1901,-0.1
1902,3.9
1903,3.9
1904,3.9
1905,3.8
1906,4
1907,4
1908,3.9
1909,4
1910,3.9
1911,4
1912,3.9
1913,-0.30000000000000004
1914,3.7
1915,-0.4
1916,3.9
1917,3.9
1918,-0.5
1919,3.9
1920,3.9
1921,3.9
1922,3.8
1923,4
1924,3.9
1925,3.8
1926,3.9
1927,4
1928,3.8
1929,4
1930,4
1931,-0.2
1932,3.9
1933,3.9
1934,4
1935,1.9999999999999996
1936,4
1937,3.8
1938,3.9
1939,3.9
1940,4
1941,4
1942,3.9
1943,4
1944,3.9
1945,3.9
1946,3.8
1947,4
1948,3.9
1949,3.9
1950,4
1951,3.9
1952,-0.2
1953,4
1954,3.9
1955,3.9
1956,4
1957,4
1958,3.8
1959,3.8
1960,4
1961,4
1962,3.9
1963,4
1964,4
1965,-0.2
1966,3.9
1967,4
1968,4
1969,4
1970,4
1971,4
1972,-1.899999999999995
1973,4
1974,4
1975,3.7
1976,4
1977,4
1978,3.9
1979,3.8
1980,4
1981,4
1982,3.9
1983,4
1984,4
1985,4
1986,4
1987,4
1988,4
1989,4
1990,4
1991,4
1992,-0.1
1993,4
1994,4
1995,3.8
1996,3.7
1997,4
1998,3.9
1999,4
2000,4
2001,3.9
2002,4
2003,4
2004,4
2005,4
2006,3.9
2007,3.8
2008,3.8
2009,3.9
2010,3.9
2011,4
2012,4
2013,3.8
2014,3.9
2015,3.9
2016,3.7
2017,3.9
2018,4
2019,3.9
2020,-0.2
2021,4
2022,4
2023,4
2024,3.9
2025,4
2026,4
2027,4
2028,4
2029,-0.30000000000000004
2030,4
2031,3.9
2032,3.9
2033,3.6
2034,4
2035,4
2036,3.9
2037,4
2038,3.9
2039,-0.30000000000000004
2040,3.9
2041,3.8
2042,3.7
2043,3.9
2044,4
2045,4
2046,4
2047,3.9
2048,4
2049,4
2050,4
2051,4
2052,4
2053,-0.2
2054,4
2055,4
2056,3.7
2057,3.9
2058,-0.2
2059,4
2060,3.9
2061,4
2062,4
2063,4
2064,4
2065,3.9
2066,4
2067,4
2068,4
2069,4
2070,-0.2
2071,4
2072,3.9
2073,4
2074,3.9
2075,4
2076,4
2077,4
2078,3.9
2079,4
2080,0.4999999999999982
2081,4
2082,4
2083,4
2084,4
2085,4
2086,3.9
2087,3.9
2088,4
2089,4
2090,4
2091,3.8
2092,3.9
2093,4
2094,4
2095,3.9
2096,4
2097,0.19999999999999796
2098,4
2099,4
2100,3.9
2101,3.8
2102,3.8
2103,3.9
2104,4
2105,3.9
2106,4
2107,3.9
2108,4
2109,3.9
2110,3.6
2111,4
2112,4
2113,4
2114,4
2115,4
2116,4
2117,4
2118,-0.30000000000000004
2119,4
2120,3.9
2121,4
2122,3.9
2123,3.8
2124,3.6
2125,4
2126,3.9
2127,4
2128,4
2129,4
2130,3.8
2131,3.7
2132,3.9
2133,3.9
2134,3.7
2135,3.8
2136,4
2137,-0.4
2138,4
2139,4
2140,4
2141,4
2142,-0.2
2143,4
2144,4
2145,3.8
2146,4
2147,4
2148,4
2149,3.9
2150,4
2151,4
2152,4
2153,4
2154,4
2155,4
2156,3.7
2157,4
2158,3.8
2159,4
2160,4
2161,3.9
2162,4
2163,4
2164,4
2165,1.299999999999999
2166,4
2167,4
2168,3.9
2169,4
2170,4
2171,3.9
2172,4
2173,4
2174,4
2175,3.9
2176,4
2177,1.399999999999999
2178,4
2179,3.9
2180,3.8
2181,4
2182,-0.1
2183,4
2184,3.7
2185,4
2186,3.9
2187,3.9
2188,4
2189,4
2190,4
2191,4
2192,4
2193,4
2194,4
2195,-5.299999999999983
2196,3.9
2197,3.8
2198,3.9
2199,4
2200,3.9
2201,3.9
2202,3.9
2203,3.9
2204,4
2205,3.5
2206,3.9
2207,3.8
2208,4
2209,4
2210,4
2211,4
2212,4
2213,4
2214,4
2215,4
2216,4
2217,3.9
2218,4
2219,4
2220,4
2221,4
2222,4
2223,4
2224,3.9
2225,4
2226,3.8
2227,3.8
2228,3.8
2229,4
2230,4
2231,4
2232,4
2233,4
2234,3.8
2235,3.9
2236,3.8
2237,3.7
2238,4
2239,4
2240,3.9
2241,4
2242,3.8
2243,4
2244,4
2245,3.9
2246,3.8
2247,3.9
2248,3.9
2249,4
2250,4
2251,4
2252,-0.1
2253,3.8
2254,3.8
2255,4
2256,4
2257,4
2258,4
2259,4
2260,4
2261,4
2262,4
2263,4
2264,4
2265,4
2266,3.9
2267,3.6
2268,3.9
2269,4
2270,3.9
2271,4
2272,3.9
2273,4
2274,3.7
2275,3.9
2276,4
2277,3.8
2278,4
2279,4
2280,4
2281,4
2282,4
2283,4
2284,4
2285,3.8
2286,4
2287,3.9
2288,4
2289,3.8
2290,3.9
2291,3.9
2292,3.9
2293,3.8
2294,-0.1
2295,4
2296,3.9
2297,4
2298,4
2299,3.9
2300,4
2301,3.7
2302,3.9
2303,4
2304,3.9
2305,4
2306,-0.2
2307,3.9
2308,-0.1
2309,4
2310,3.9
2311,3.9
2312,3.8
2313,4
2314,4
2315,4
2316,4
2317,3.8
2318,-0.1
2319,4
2320,4
2321,4
2322,3.7
2323,3.9
2324,3.9
2325,3.9
2326,3.8
2327,4
2328,4
2329,3.9
2330,3.9
2331,4
2332,3.8
2333,3.9
2334,4
2335,3.8
2336,3.9
2337,3.9
2338,3.8
2339,3.9
2340,4
2341,4
2342,4
2343,4
2344,4
2345,-0.1
2346,4
2347,3.8
2348,4
2349,3.8
2350,-0.2
2351,3.9
2352,4
2353,3.9
2354,4
2355,4
2356,3.9
2357,4
2358,3.9
2359,4
2360,3.9
2361,4
2362,4
2363,4
2364,3.9
2365,3.9
2366,4
2367,4
2368,4
2369,3.9
2370,3.9
2371,4
2372,4
2373,4
2374,4
2375,3.9
2376,3.9
2377,3.9
2378,3.9
2379,3.9
2380,4
2381,3.9
2382,3.9
2383,4
2384,4
2385,4
2386,3.9
2387,4
2388,-0.30000000000000004
2389,3.9
2390,3.9
2391,4
2392,4
2393,4
2394,-23.000000000000057
2395,4
2396,4
2397,3.9
2398,4
2399,4
2400,4
2401,3.8
2402,3.9
2403,4
2404,4
2405,4
2406,4
2407,4
2408,4
2409,4
2410,3.9
2411,3.8
2412,3.8
2413,3.9
2414,3.9
2415,4
2416,3.9
2417,4
2418,4
2419,3.8
2420,3.9
2421,3.9
2422,4
2423,3.9
2424,3.9
2425,3.8
2426,4
2427,4
2428,3.8
2429,4
2430,4
2431,4
2432,3.9
2433,4
2434,4
2435,-0.2
2436,3.6
2437,3.9
2438,3.9
2439,3.9
2440,4
2441,3.9
2442,4
2443,3.9
2444,4
2445,3.9
2446,4
2447,4
2448,4
2449,4
2450,3.7
2451,4
2452,4
2453,3.9
2454,4
2455,-0.2
2456,3.8
2457,4
2458,3.9
2459,4
2460,4
2461,-6.699999999999978
2462,-0.30000000000000004
2463,4
2464,4
2465,4
2466,4
2467,4
2468,4
2469,3.9
2470,4
2471,4
2472,-0.2
2473,3.9
2474,4
2475,4
2476,3.8
2477,4
2478,4
2479,-0.30000000000000004
2480,3.9
2481,4
2482,-22.300000000000047
2483,4
2484,4
2485,4
2486,4
2487,4
2488,4
2489,4
2490,4
2491,3.8
2492,3.9
2493,3.9
2494,4
2495,3.9
2496,3.8
2497,4
2498,3.9
2499,4
2500,3.8
2501,3.9
2502,4
2503,4
2504,4
2505,3.9
2506,4
2507,3.9
2508,3.9
2509,4
2510,3.8
2511,3.9
2512,4
2513,4
2514,4
2515,3.8
2516,3.9
2517,3.9
2518,3.9
2519,3.8
2520,4
2521,4
2522,4
2523,3.9
2524,4
2525,3.8
2526,4
2527,4
2528,3.9
2529,4
2530,3.9
2531,4
2532,-0.30000000000000004
2533,3.8
2534,3.9
2535,4
2536,4
2537,3.8
2538,4
2539,-0.1
2540,3.9
2541,4
2542,4
2543,3.9
2544,4
2545,3.9
2546,4
2547,4
2548,4
2549,4
2550,4
2551,4
2552,3.9
2553,4
2554,3.9
2555,4
2556,3.8
2557,3.9
2558,3.7
2559,3.8
2560,4
2561,3.9
2562,4
2563,3.9
2564,3.7
2565,4
2566,4
2567,3.7
2568,3.8
2569,3.9
2570,3.8
2571,4
2572,-0.1
2573,3.9
2574,4
2575,4
2576,-0.1
2577,4
2578,3.9
2579,-0.30000000000000004
2580,4
2581,3.9
2582,4
2583,4
2584,3.9
2585,4
2586,4
2587,4
2588,3.9
2589,4
2590,4
2591,4
2592,4
2593,4
2594,3.9
2595,4
2596,-0.1
2597,4
2598,3.9
2599,3.9
2600,3.6
2601,4
2602,3.9
2603,3.8
2604,3.9
2605,4
2606,4
2607,3.8
2608,3.9
2609,3.9
2610,3.9
2611,-0.2
2612,3.9
2613,3.9
2614,3.7
2615,-0.2
2616,4
2617,4
2618,4
2619,4
2620,3.9
2621,4
2622,4
2623,3.9
2624,4
2625,4
2626,4
2627,4
2628,4
2629,-0.2
2630,3.9
2631,3.8
2632,4
2633,3.9
2634,4
2635,4
2636,4
2637,3.9
2638,4
2639,3.8
2640,4
2641,-0.2
2642,4
2643,3.9
2644,4
2645,4
2646,3.8
2647,4
2648,3.9
2649,3.9
2650,4
2651,4
2652,4
2653,3.9
2654,3.8
2655,3.9
2656,4
2657,3.9
2658,4
2659,3.8
2660,3.9
2661,4
2662,3.9
2663,4
2664,4
2665,3.8
2666,4
2667,3.8
2668,4
2669,4
2670,4
2671,4
2672,4
2673,3.8
2674,3.9
2675,3.9
2676,3.8
2677,3.6
2678,3.8
2679,3.9
2680,4
2681,-0.2
2682,3.9
2683,3.9
2684,4
2685,-0.2
2686,3.7
2687,3.9
2688,3.8
2689,3.9
2690,3.9
2691,3.9
2692,3.8
2693,3.9
2694,3.8
2695,4
2696,4
2697,4
2698,4
2699,-0.30000000000000004
2700,4
2701,4
2702,4
2703,3.9
2704,3.9
2705,3.9
2706,4
2707,-0.1
2708,3.9
2709,3.9
2710,4
2711,3.9
2712,4
2713,4
2714,3.8
2715,3.8
2716,4
2717,-0.1
2718,4
2719,4
2720,3.9
2721,4
2722,3.9
2723,4
2724,4
2725,4
2726,4
2727,4
2728,4
2729,4
2730,3.8
2731,3.9
2732,4
2733,3.9
2734,4
2735,3.9
2736,3.9
2737,4
2738,4
2739,4
2740,4
2741,4
2742,3.9
2743,4
2744,3.9
2745,4
2746,3.7
2747,3.8
2748,3.9
2749,3.9
2750,4
2751,4
2752,4
2753,4
2754,3.9
2755,4
2756,4
2757,4
2758,3.9
2759,4
2760,4
2761,3.9
2762,4
2763,4
2764,4
2765,3.8
2766,4
2767,4
2768,3.9
2769,3.9
2770,3.9
2771,3.9
2772,4
2773,4
2774,3.8
2775,4
2776,3.9
2777,4
2778,4
2779,3.9
2780,3.9
2781,4
2782,4
2783,4
2784,4
2785,3.9
2786,4
2787,-0.30000000000000004
2788,3.8
2789,3.9
2790,4
2791,3.5
2792,4
2793,3.9
2794,3.9
2795,-0.30000000000000004
2796,3.9
2797,4
2798,4
2799,3.9
2800,3.9
2801,3.9
2802,3.9
2803,4
2804,3.8
2805,-0.30000000000000004
2806,3.8
2807,3.7
2808,3.9
2809,4
2810,3.7
2811,3.8
2812,4
2813,3.9
2814,-0.30000000000000004
2815,3.9
2816,-0.4
2817,3.8
2818,3.9
2819,-0.1
2820,4
2821,3.8
2822,3.9
2823,4
2824,4
2825,3.7
2826,3.8
2827,4
2828,4
2829,3.9
2830,3.8
2831,3.4
2832,3.9
2833,4
2834,3.9
2835,4
2836,3.9
2837,-0.2
2838,3.9
2839,3.8
2840,4
2841,3.9
2842,4
2843,4
2844,4
2845,4
2846,4
2847,-4.399999999999986
2848,3.9
2849,3.9
2850,4
2851,4
2852,3.9
2853,4
2854,4
2855,3.9
2856,4
2857,3.9
2858,4
2859,4
2860,4
2861,3.9
2862,4
2863,4
2864,3.8
2865,4
2866,4
2867,3.9
2868,3.8
2869,3.9
2870,4
2871,4
2872,4
2873,4
2874,3.9
2875,4
2876,-0.30000000000000004
2877,4
2878,3.9
2879,4
2880,4
2881,3.9
2882,4
2883,4
2884,4
2885,3.9
2886,4
2887,4
2888,4
2889,4
2890,4
2891,4
2892,4
2893,4
2894,3.9
2895,3.9
2896,3.9
2897,-0.4
2898,4
2899,4
2900,3.8
2901,4
2902,4
2903,-24.100000000000072
2904,3.8
2905,3.5
2906,3.9
2907,3.9
2908,-0.2
2909,4
2910,3.9
2911,3.6
2912,4
2913,3.9
2914,3.9
2915,3.8
2916,3.8
2917,4
2918,4
2919,3.7
2920,3.4
2921,3.9
2922,3.9
2923,4
2924,3.9
2925,4
2926,3.9
2927,3.9
2928,4
2929,3.8
2930,4
2931,4
2932,4
2933,4
2934,4
2935,4
2936,3.9
2937,4
2938,4
2939,4
2940,4
2941,-0.1
2942,4
2943,4
2944,3.9
2945,3.7
2946,4
2947,4
2948,3.8
2949,4
2950,4
2951,4
2952,4
2953,3.9
2954,4
2955,4
2956,3.9
2957,3.8
2958,3.7
2959,3.9
2960,4
2961,3.9
2962,4
2963,4
2964,4
2965,4
2966,-0.2
2967,3.9
2968,4
2969,4
2970,3.8
2971,4
2972,4
2973,4
2974,4
2975,4
2976,3.9
2977,3.9
2978,4
2979,3.7
2980,-0.4
2981,-0.5
2982,4
2983,3.7
2984,4
2985,3.8
2986,4
2987,3.9
2988,-0.4
2989,4
2990,4
2991,4
2992,3.8
2993,3.7
2994,4
2995,4
2996,3.9
2997,4
2998,3.8
2999,3.9
3000,-0.30000000000000004
3001,3.9
3002,4
3003,4
3004,3.8
3005,3.9
3006,3.9
3007,3.9
3008,3.8
3009,4
3010,3.9
3011,-0.30000000000000004
3012,-23.700000000000067
3013,3.9
3014,3.9
3015,4
3016,4
3017,3.9
3018,3.7
3019,3.6
3020,3.9
3021,4
3022,3.9
3023,3.9
3024,3.9
3025,4
3026,3.8
3027,4
3028,-0.5
3029,-0.2
3030,4
3031,3.9
3032,4
3033,-22.800000000000054
3034,3.9
3035,3.8
3036,4
3037,4
3038,3.9
3039,3.9
3040,-0.30000000000000004
3041,-0.2
3042,-0.30000000000000004
3043,3.9
3044,-0.30000000000000004
3045,3.7
3046,3.7
3047,3.9
3048,3.9
3049,-23.400000000000063
3050,-23.700000000000067
3051,3.8
3052,-23.10000000000006
3053,4
3054,3.9
3055,3.5
3056,3.9
3057,4
3058,3.8
3059,3.9
3060,-0.4
3061,4
3062,4
3063,4
3064,-0.2
3065,3.9
3066,3.9
3067,3.5
3068,3.9
3069,4
3070,3.8
3071,4
3072,3.9
3073,3.9
3074,4
3075,4
3076,2.3999999999999995
3077,3.9
3078,4
3079,4
3080,3.8
3081,4
3082,4
3083,3.9
3084,4
3085,3.9
3086,3.9
3087,3.8
3088,-0.2
3089,3.9
3090,4
3091,3.7
3092,3.8
3093,4
3094,3.9
3095,4
3096,3.9
3097,3.9
3098,3.9
3099,3.9
3100,3.9
3101,3.8
3102,3.9
3103,-0.5
3104,3.9
3105,3.8
3106,3.9
3107,3.9
3108,3.9
3109,4
3110,4
3111,3.9
3112,4
3113,3.9
3114,3.9
3115,3.9
3116,3.6
3117,3.9
3118,3.9
3119,3.9
3120,3.9
3121,3.9
3122,3.9
3123,3.9
3124,3.9
3125,3.9
3126,3.9
3127,-0.30000000000000004
3128,3.7
3129,3.9
3130,4
3131,3.9
3132,4
3133,4
3134,3.9
3135,4
3136,4
3137,3.8
3138,4
3139,3.9
3140,4
3141,-0.5
3142,3.7
3143,-0.5
3144,3.9
3145,3.8
3146,-0.30000000000000004
3147,4
3148,4
3149,3.8
3150,3.8
3151,-0.1
3152,4
3153,3.9
3154,4
3155,4
3156,4
3157,3.9
3158,3.9
3159,4
3160,3.8
3161,4
3162,3.7
3163,4
3164,3.9
3165,4
3166,4
3167,3.9
3168,4
3169,4
3170,4
3171,4
3172,3.8
3173,3.9
3174,3.7
3175,3.9
3176,4
3177,3.9
3178,4
3179,3.9
3180,3.9
3181,4
3182,3.9
3183,4
3184,3.9
3185,4
3186,3.9
3187,3.7
3188,4
3189,-0.2
3190,3.8
3191,3.8
3192,3.9
3193,3.9
3194,3.8
3195,4
3196,3.9
3197,3.8
3198,3.9
3199,4
3200,3.9
3201,3.9
3202,4
3203,3.9
3204,4
3205,-0.30000000000000004
3206,3.9
3207,3.9
3208,3.9
3209,3.8
3210,4
3211,3.9
3212,4
3213,3.9
3214,3.8
3215,3.9
3216,3.9
3217,3.8
3218,3.9
3219,3.9
3220,4
3221,3.9
3222,3.9
3223,3.9
3224,3.8
3225,4
3226,4
3227,4
3228,3.9
3229,4
3230,3.9
3231,4
3232,4
3233,3.8
3234,3.9
3235,3.9
3236,4
3237,3.9
3238,3.8
3239,3.9
3240,4
3241,4
3242,4
3243,4
3244,4
3245,4
3246,4
3247,4
3248,4
3249,4
3250,4
3251,3.9
3252,4
3253,3.8
3254,3.8
3255,4
3256,4
3257,4
3258,3.9
3259,3.8
3260,3.9
3261,3.8
3262,4
3263,4
3264,3.7
3265,4
3266,4
3267,3.9
3268,3.7
3269,3.9
3270,4
3271,4
3272,3.8
3273,4
3274,3.8
3275,4
3276,3.9
3277,4
3278,3.9
3279,4
3280,3.9
3281,4
3282,3.8
3283,3.9
3284,3.8
3285,4
3286,3.9
3287,3.9
3288,3.9
3289,3.9
3290,3.8
3291,3.9
3292,4
3293,3.8
3294,3.9
3295,3.8
3296,4
3297,3.9
3298,3.9
3299,3.9
3300,4
3301,3.8
3302,4
3303,3.8
3304,3.9
3305,3.7
3306,4
3307,4
3308,3.9
3309,4
3310,4
3311,3.9
3312,4
3313,3.9
3314,3.9
3315,4
3316,4
3317,4
3318,4
3319,3.8
3320,3.9
3321,4
3322,4
3323,4
3324,3.9
3325,4
3326,4
3327,4
3328,4
3329,3.8
3330,-0.1
3331,4
3332,4
3333,3.9
3334,4
3335,4
3336,4
3337,4
3338,4
3339,3.9
3340,4
3341,3.7
3342,3.8
3343,3.7
3344,3.9
3345,3.8
3346,3.9
3347,4
3348,3.9
3349,3.9
3350,4
3351,4
3352,3.9
3353,4
3354,-0.1
3355,3.9
3356,4
3357,4
3358,3.8
3359,4
3360,4
3361,3.9
3362,-0.30000000000000004
3363,4
3364,4
3365,4
3366,3.6
3367,4
3368,3.8
3369,3.9
3370,3.9
3371,3.9
3372,3.9
3373,4
3374,4
3375,-0.2
3376,3.9
3377,3.9
3378,4
3379,3.9
3380,4
3381,3.9
3382,3.9
3383,3.9
3384,-0.4
3385,3.8
3386,3.9
3387,4
3388,3.9
3389,4
3390,4
3391,3.9
3392,3.8
3393,3.9
3394,3.9
3395,-0.40000000000000036
3396,4
3397,3.9
3398,3.8
3399,3.8
3400,3.9
3401,4
3402,4
3403,4
3404,4
3405,3.8
3406,3.8
3407,3.8
3408,4
3409,3.9
3410,-0.30000000000000004
3411,3.9
3412,4
3413,-2.699999999999992
3414,4
3415,4
3416,3.8
3417,4
3418,3.7
3419,4
3420,4
3421,3.8
3422,3.9
3423,4
3424,4
3425,4
3426,4
3427,-0.5
3428,3.9
3429,3.9
3430,3.9
3431,3.2
3432,4
3433,3.9
3434,4
3435,3.8
3436,4
3437,3.9
3438,4
3439,3.8
3440,4
3441,4
3442,4
3443,3.9
3444,4
3445,4
3446,3.9
3447,3.9
3448,3.8
3449,3.8
3450,4
3451,3.9
3452,4
3453,-0.2
3454,3.9
3455,3.9
3456,3.8
3457,4
3458,4
3459,3.8
3460,3.8
3461,4
3462,3.9
3463,4
3464,3.8
3465,4
3466,3.9
3467,4
3468,3.9
3469,3.8
3470,3.8
3471,3.9
3472,4
3473,4
3474,4
3475,3.9
3476,4
3477,3.8
3478,4
3479,4
3480,4
3481,3.6
3482,4
3483,3.8
3484,3.9
3485,3.9
3486,4
3487,3.8
3488,4
3489,4
3490,4
3491,3.9
3492,4
3493,4
3494,4
3495,-0.2
3496,4
3497,4
3498,4
3499,3.9
3500,4
3501,3.7
3502,3.9
3503,3.9
3504,3.8
3505,3.9
3506,3.6
3507,3.9
3508,4
3509,-0.5
3510,3.9
3511,-0.1
3512,4
3513,3.8
3514,4
3515,4
3516,3.4
3517,4
3518,3.8
3519,4
3520,4
3521,3.9
3522,3.9
3523,3.9
3524,3.9
3525,4
3526,3.9
3527,4
3528,3.9
3529,3.5
3530,3.9
3531,3.9
3532,3.7
3533,3.8
3534,3.9
3535,3.8
3536,3.8
3537,4
3538,3.9
3539,3.9
3540,4
3541,3.9
3542,3.9
3543,3.8
3544,3.9
3545,3.9
3546,3.9
3547,1.0999999999999988
3548,3.9
3549,-0.1
3550,4
3551,3.9
3552,-0.2
3553,3.7
3554,4
3555,3.9
3556,3.9
3557,3.8
3558,3.9
3559,4
3560,-0.2
3561,3.8
3562,4
3563,4
3564,3.0
3565,4
3566,-0.1
3567,4
3568,4
3569,3.9
3570,4
3571,3.8
3572,4
3573,3.9
3574,4
3575,4
3576,4
3577,-0.2
3578,4
3579,3.8
3580,4
3581,4
3582,-0.2
3583,3.9
3584,3.8
3585,4
3586,3.8
3587,4
3588,4
3589,3.9
3590,4
3591,4
3592,4
3593,4
3594,4
3595,4
3596,3.9
3597,4
3598,3.7
3599,4
3600,3.9
3601,3.9
3602,3.8
3603,4
3604,4
3605,3.9
3606,3.9
3607,4
3608,3.9
3609,3.9
3610,3.9
3611,4
3612,3.9
3613,4
3614,4
3615,4
3616,3.8
3617,4
3618,4
3619,4
3620,3.9
3621,4
3622,4
3623,3.7
3624,4
3625,4
3626,4
3627,3.9
3628,-0.1
3629,4
3630,3.7
3631,4
3632,4
3633,3.8
3634,4
3635,3.7
3636,4
3637,4
3638,3.9
3639,3.9
3640,4
3641,4
3642,4
3643,4
3644,-0.1
3645,4
3646,4
3647,4
3648,4
3649,4
3650,4
3651,4
3652,3.9
3653,3.9
3654,4
3655,3.9
3656,4
3657,3.9
3658,4
3659,4
3660,3.9
3661,4
3662,4
3663,3.9
3664,3.8
3665,4
3666,4
3667,3.8
3668,4
3669,4
3670,4
3671,3.8
3672,3.9
3673,4
3674,3.9
3675,3.9
3676,-0.30000000000000004
3677,3.9
3678,3.9
3679,3.8
3680,4
3681,3.9
3682,4
3683,4
3684,4
3685,4
3686,3.9
3687,3.8
3688,4
3689,4
3690,4
3691,4
3692,3.9
3693,3.8
3694,3.7
3695,3.9
3696,4
3697,3.9
3698,3.9
3699,-0.2
3700,3.7
3701,4
3702,4
3703,3.8
3704,3.9
3705,4
3706,3.9
3707,4
3708,4
3709,3.9
3710,3.9
3711,3.9
3712,4
3713,3.9
3714,4
3715,4
3716,4
3717,4
3718,3.4
3719,3.8
3720,3.7
3721,3.9
3722,3.8
3723,3.9
3724,4
3725,3.8
3726,3.9
3727,4
3728,3.9
3729,3.9
3730,4
3731,3.8
3732,4
3733,3.8
3734,4
3735,4
3736,3.9
3737,3.9
3738,4
3739,3.9
3740,3.8
3741,3.9
3742,3.9
3743,3.8
3744,3.7
3745,4
3746,3.8
3747,4
3748,4
3749,4
3750,4
3751,3.9
3752,4
3753,3.9
3754,3.9
3755,3.9
3756,3.8
3757,4
3758,3.8
3759,3.8
3760,4
3761,3.9
3762,4
3763,3.9
3764,4
3765,4
3766,4
3767,3.8
3768,-2.8999999999999915
3769,4
3770,4
3771,-0.30000000000000004
3772,4
3773,-0.30000000000000004
3774,3.9
3775,4
3776,3.7
3777,3.8
3778,4
3779,3.7
3780,3.9
3781,3.9
3782,4
3783,4
3784,3.6
3785,4
3786,4
3787,4
3788,-0.2
3789,4
3790,4
3791,4
3792,3.7
3793,4
3794,3.8
3795,3.8
3796,4
3797,3.9
3798,4
3799,4
3800,3.9
3801,4
3802,3.9
3803,3.7
3804,3.8
3805,3.9
3806,4
3807,3.9
3808,4
3809,4
3810,-0.30000000000000004
3811,3.8
3812,3.9
3813,3.8
3814,4
3815,4
3816,3.8
3817,3.8
3818,3.9
3819,4
3820,3.9
3821,3.9
3822,3.9
3823,4
3824,3.9
3825,3.8
3826,4
3827,4
3828,4
3829,3.9
3830,3.9
3831,3.8
3832,3.9
3833,3.9
3834,3.7
3835,3.9
3836,3.9
3837,3.9
3838,-0.5
3839,3.9
3840,-0.4
3841,3.9
3842,3.9
3843,4
3844,3.8
3845,4
3846,-0.2
3847,3.8
3848,3.8
3849,3.9
3850,3.7
3851,4
3852,3.7
3853,-2.699999999999992
3854,3.9
3855,3.7
3856,4
3857,3.9
3858,3.9
3859,3.9
3860,3.9
3861,4
3862,4
3863,3.7
3864,4
3865,3.9
3866,3.8
3867,3.8
3868,-0.1
3869,3.9
3870,3.9
3871,4
3872,4
3873,4
3874,3.9
3875,3.9
3876,3.8
3877,3.9
3878,4
3879,3.9
3880,4
3881,4
3882,3.9
3883,3.9
3884,4
3885,4
3886,3.9
3887,3.9
3888,4
3889,4
3890,3.9
3891,4
3892,3.9
3893,4
3894,4
3895,-0.1
3896,4
3897,4
3898,4
3899,4
3900,4
3901,3.9
3902,3.7
3903,3.9
3904,4
3905,4
3906,3.9
3907,-22.000000000000043
3908,4
3909,3.9
3910,3.9
3911,4
3912,4
3913,3.7
3914,3.9
3915,4
3916,3.9
3917,3.9
3918,3.9
3919,3.9
3920,3.9
3921,4
3922,4
3923,3.8
3924,4
3925,4
3926,3.9
3927,2.7
3928,4
3929,4
3930,3.9
3931,3.8
3932,4
3933,4
3934,3.9
3935,-0.1
3936,3.9
3937,3.9
3938,4
3939,4
3940,-0.2
3941,3.9
3942,3.9
3943,-0.30000000000000004
3944,4
3945,3.8
3946,4
3947,3.9
3948,3.7
3949,3.9
3950,3.9
3951,3.8
3952,3.9
3953,4
3954,4
3955,3.7
3956,3.8
3957,3.9
3958,4
3959,3.7
3960,4
3961,-0.2
3962,3.8
3963,4
3964,4
3965,4
3966,3.9
3967,4
3968,4
3969,4
3970,3.9
3971,4
3972,4
3973,4
3974,3.8
3975,3.9
3976,3.9
3977,4
3978,4
3979,3.9
3980,3.9
3981,3.9
3982,4
3983,3.9
3984,4
3985,3.9
3986,4
3987,4
3988,3.8
3989,4
3990,3.8
3991,4
3992,3.9
3993,3.9
3994,3.9
3995,4
3996,3.9
3997,4
3998,3.9
3999,3.8
4000,-0.2
4001,3.9
4002,3.8
4003,3.8
4004,3.9
4005,-0.2
4006,3.9
4007,3.7
4008,3.9
4009,4
4010,3.9
4011,3.8
4012,-0.2
4013,3.8
4014,3.9
4015,4
4016,3.8
4017,3.9
4018,4
4019,4
4020,4
4021,3.9
4022,3.8
4023,3.9
4024,3.5
4025,3.8
4026,3.9
4027,4
4028,3.9
4029,4
4030,3.9
4031,3.8
4032,3.9
4033,3.9
4034,4
4035,4
4036,3.3
4037,-0.1
4038,4
4039,4
4040,4
4041,3.9
4042,4
4043,-0.2
4044,4
4045,4
4046,3.9
4047,0.7999999999999985
4048,3.9
4049,3.9
4050,4
4051,4
4052,4
4053,3.9
4054,4
4055,4
4056,-0.30000000000000004
4057,4
4058,4
4059,-0.2
4060,4
4061,3.8
4062,3.8
4063,4
4064,4
4065,4
4066,4
4067,4
4068,3.9
4069,4
4070,4
4071,3.9
4072,3.8
4073,4
4074,4
4075,3.9
4076,3.9
4077,3.9
4078,4
4079,4
4080,3.7
4081,3.8
4082,3.8
4083,3.9
4084,3.9
4085,4
4086,3.7
4087,4
4088,3.8
4089,4
4090,3.9
4091,3.9
4092,4
4093,4
4094,4
4095,3.9
4096,3.8
4097,4
4098,3.9
4099,4
4100,4
4101,3.8
4102,4
4103,4
4104,4
4105,3.9
4106,3.9
4107,3.9
4108,4
4109,4
4110,4
4111,3.9
4112,3.9
4113,4
4114,3.9
4115,4
4116,-0.30000000000000004
4117,4
4118,4
4119,4
4120,4
4121,4
4122,3.8
4123,3.8
4124,3.9
4125,3.8
4126,3.9
4127,-0.1
4128,3.9
4129,4
4130,4
4131,3.9
4132,4
4133,3.8
4134,4
4135,3.9
4136,-0.30000000000000004
4137,-0.1
4138,3.9
4139,4
4140,3.9
4141,4
4142,4
4143,3.9
4144,4
4145,4
4146,3.9
4147,3.9
4148,3.7
4149,-23.000000000000057
4150,4
4151,3.8
4152,3.9
4153,3.8
4154,3.9
4155,3.9
4156,3.9
4157,4
4158,3.8
4159,3.7
4160,3.9
4161,3.7
4162,4
4163,3.9
4164,4
4165,-0.2
4166,3.9
4167,3.9
4168,4
4169,3.7
4170,3.8
4171,4
4172,-0.4
4173,3.9
4174,3.7
4175,4
4176,3.9
4177,3.9
4178,3.9
4179,4
4180,4
4181,4
4182,4
4183,4
4184,3.7
4185,3.7
4186,3.9
4187,3.9
4188,3.9
4189,3.9
4190,4
4191,3.9
4192,4
4193,4
4194,4
4195,4
4196,4
4197,4
4198,4
4199,4
4200,4
4201,4
4202,4
4203,3.7
4204,-0.1
4205,4
4206,3.8
4207,4
4208,3.9
4209,-0.2
4210,4
4211,4
4212,4
4213,3.9
4214,4
4215,-0.2
4216,4
4217,4
4218,3.9
4219,3.6
4220,3.9
4221,3.9
4222,4
4223,4
4224,4
4225,3.9
4226,4
4227,4
4228,3.7
4229,4
4230,3.9
4231,3.8
4232,3.8
4233,4
4234,4
4235,4
4236,4
4237,4
4238,4
4239,4
4240,3.8
4241,3.9
4242,3.8
4243,3.9
4244,4
4245,4
4246,4
4247,3.8
4248,3.9
4249,4
4250,4
4251,4
4252,3.9
4253,4
4254,3.9
4255,3.9
4256,4
4257,3.9
4258,4
4259,3.9
4260,3.9
4261,4
4262,3.8
4263,4
4264,4
4265,4
4266,4
4267,4
4268,3.7
4269,4
4270,4
4271,3.9
4272,3.9
4273,4
4274,4
4275,3.8
4276,4
4277,4
4278,4
4279,3.9
4280,3.9
4281,4
4282,3.9
4283,4
4284,3.9
4285,3.9
4286,4
4287,4
4288,4
4289,3.8
4290,-0.30000000000000004
4291,3.9
4292,3.8
4293,3.9
4294,4
4295,4
4296,3.8
4297,4
4298,3.9
4299,4
4300,4
4301,4
4302,3.9
4303,3.9
4304,4
4305,4
4306,4
4307,3.9
4308,3.9
4309,4
4310,3.9
4311,4
4312,3.7
4313,4
4314,4
4315,4
4316,3.9
4317,4
4318,3.9
4319,4
4320,3.9
4321,4
4322,3.9
4323,-0.2
4324,4
4325,-0.2
4326,3.9
4327,3.9
4328,3.9
4329,4
4330,4
4331,4
4332,4
4333,4
4334,4
4335,4
4336,4
4337,3.9
4338,4
4339,4
4340,3.9
4341,4
4342,4
4343,3.9
4344,4
4345,4
4346,4
4347,4
4348,4
4349,3.8
4350,4
4351,4
4352,4
4353,4
4354,4
4355,4
4356,-1.7000000000000004
4357,3.9
4358,3.8
4359,4
4360,3.8
4361,3.9
4362,3.9
4363,-0.2
4364,3.9
4365,3.9
4366,4
4367,3.9
4368,4
4369,4
4370,3.9
4371,4
4372,4
4373,4
4374,4
4375,3.9
4376,4
4377,4
4378,3.8
4379,4
4380,3.9
4381,3.9
4382,4
4383,4
4384,3.7
4385,4
4386,4
4387,3.8
4388,3.9
4389,3.9
4390,3.9
4391,4
4392,4
4393,3.9
4394,3.8
4395,3.9
4396,3.9
4397,4
4398,3.9
4399,4
4400,3.9
4401,3.9
4402,3.9
4403,4
4404,4
4405,3.9
4406,3.7
4407,4
4408,4
4409,4
4410,3.9
4411,3.9
4412,3.9
4413,3.9
4414,4
4415,4
4416,3.9
4417,3.9
4418,4
4419,4
4420,4
4421,4
4422,4
4423,3.7
4424,3.9
4425,3.9
4426,3.9
4427,4
4428,3.9
4429,4
4430,4
4431,-0.1
4432,4
4433,3.9
4434,4
4435,-0.30000000000000004
4436,-0.30000000000000004
4437,4
4438,4
4439,3.9
4440,3.9
4441,-0.1
4442,-22.900000000000055
4443,4
4444,4
4445,4
4446,4
4447,-0.2
4448,4
4449,3.9
4450,3.9
4451,3.9
4452,4
4453,4
4454,4
4455,4
4456,4
4457,3.8
4458,4
4459,4
4460,4
4461,3.9
4462,-22.40000000000005
4463,3.9
4464,3.8
4465,3.8
4466,3.9
4467,3.9
4468,4
4469,3.7
4470,3.9
4471,3.8
4472,3.9
4473,3.8
4474,-0.4
4475,3.8
4476,3.8
4477,4
4478,4
4479,3.8
4480,3.9
4481,3.9
4482,3.9
4483,3.9
4484,3.8
4485,3.9
4486,3.8
4487,3.6
4488,3.9
4489,3.9
4490,3.9
4491,4
4492,3.7
4493,3.9
4494,3.9
4495,4
4496,3.9
4497,3.1
4498,3.8
4499,3.9
4500,3.9
4501,3.9
4502,4
4503,3.9
4504,3.9
4505,3.8
4506,3.8
4507,3.9
4508,-0.2
4509,-0.1
4510,4
4511,3.9
4512,4
4513,4
4514,4
4515,4
4516,4
4517,4
4518,4
4519,3.9
4520,4
4521,3.9
4522,4
4523,3.9
4524,3.9
4525,4
4526,3.8
4527,4
4528,3.9
4529,3.9
4530,3.9
4531,4
4532,4
4533,3.9
4534,4
4535,3.9
4536,4
4537,4
4538,4
4539,3.9
4540,3.9
4541,3.6
4542,3.8
4543,4
4544,4
4545,4
4546,4
4547,4
4548,4
4549,3.8
4550,3.9
4551,4
4552,3.9
4553,-0.30000000000000004
4554,3.8
4555,3.9
4556,4
4557,3.8
4558,4
4559,3.8
4560,4
4561,3.9
4562,3.9
4563,3.9
4564,4
4565,3.8
4566,4
4567,3.9
4568,3.9
4569,-0.30000000000000004
4570,4
4571,3.9
4572,3.9
4573,3.9
4574,4
4575,4
4576,4
4577,3.9
4578,4
4579,-0.2
4580,4
4581,3.9
4582,3.9
4583,3.9
4584,4
4585,4
4586,4
4587,4
4588,3.9
4589,4
4590,3.9
4591,4
4592,4
4593,4
4594,4
4595,3.9
4596,3.9
4597,4
4598,3.9
4599,4
4600,4
4601,-0.2
4602,4
4603,4
4604,-0.30000000000000004
4605,-0.30000000000000004
4606,3.9
4607,4
4608,-0.1
4609,4
4610,4
4611,4
4612,-2.699999999999992
4613,4
4614,4
4615,-0.2
4616,4
4617,4
4618,-0.2
4619,3.8
4620,-0.2
4621,4
4622,4
4623,4
4624,4
4625,4
4626,3.7
4627,3.9
4628,-0.2
4629,3.9
4630,3.8
4631,4
4632,3.8
4633,3.9
4634,4
4635,3.9
4636,4
4637,4
4638,4
4639,-3.6999999999999886
4640,4
4641,3.8
4642,-9.899999999999967
4643,3.8
4644,-0.1
4645,4
4646,4
4647,-0.2
4648,4
4649,4
4650,4
4651,4
4652,3.9
4653,4
4654,4
4655,4
4656,3.9
4657,4
4658,3.9
4659,4
4660,3.9
4661,4
4662,3.9
4663,4
4664,4
4665,4
4666,4
4667,3.7
4668,-0.2
4669,4
4670,4
4671,3.9
4672,4
4673,3.8
4674,3.9
4675,4
4676,4
4677,4
4678,4
4679,3.9
4680,3.9
4681,4
4682,3.9
4683,3.8
4684,3.9
4685,3.9
4686,3.9
4687,4
4688,4
4689,3.9
4690,3.9
4691,3.9
4692,3.7
4693,4
4694,4
4695,3.8
4696,4
4697,3.9
4698,4
4699,4
4700,3.8
4701,4
4702,3.9
4703,3.9
4704,4
4705,4
4706,-0.1
4707,4
4708,3.9
4709,4
4710,3.8
4711,3.8
4712,3.9
4713,-0.1
4714,3.9
4715,3.9
4716,3.8
4717,4
4718,3.9
4719,4
4720,3.8
4721,4
4722,4
4723,-16.600000000000023
4724,4
4725,3.8
4726,3.9
4727,3.8
4728,3.9
4729,3.9
4730,4
4731,4
4732,4
4733,4
4734,3.9
4735,3.9
4736,3.9
4737,3.9
4738,4
4739,3.7
4740,4
4741,4
4742,3.9
4743,4
4744,3.8
4745,3.9
4746,4
4747,4
4748,3.9
4749,-0.1
4750,3.9
4751,4
4752,4
4753,4
4754,3.9
4755,3.9
4756,4
4757,-0.30000000000000004
4758,-0.2
4759,4
4760,4
4761,4
4762,3.9
4763,4
4764,4
4765,4
4766,3.9
4767,4
4768,3.9
4769,4
4770,3.9
4771,3.7
4772,4
4773,3.7
4774,4
4775,3.8
4776,4
4777,3.9
4778,4
4779,3.5
4780,4
4781,4
4782,3.6
4783,4
4784,3.8
4785,4
4786,4
4787,4
4788,4
4789,4
4790,3.9
4791,4
4792,4
4793,3.9
4794,3.9
4795,4
4796,4
4797,3.8
4798,3.8
4799,4
4800,3.9
4801,4
4802,3.9
4803,3.8
4804,3.9
4805,4
4806,4
4807,4
4808,4
4809,3.9
4810,4
4811,3.8
4812,3.9
4813,3.9
4814,4
4815,3.7
4816,3.9
4817,3.9
4818,-0.2
4819,4
4820,3.7
4821,3.7
4822,4
4823,3.8
4824,3.9
4825,3.8
4826,4
4827,3.9
4828,4
4829,4
4830,4
4831,3.8
4832,3.9
4833,4
4834,4
4835,3.9
4836,4
4837,4
4838,4
4839,3.8
4840,3.8
4841,4
4842,3.9
4843,-0.1
4844,3.9
4845,4
4846,3.9
4847,3.8
4848,3.8
4849,4
4850,4
4851,3.9
4852,4
4853,4
4854,4
4855,4
4856,3.9
4857,4
4858,3.9
4859,3.9
4860,4
4861,4
4862,3.9
4863,3.8
4864,3.9
4865,3.8
4866,4
4867,3.9
4868,4
4869,4
4870,3.9
4871,4
4872,4
4873,4
4874,4
4875,4
4876,3.9
4877,3.9
4878,3.9
4879,3.9
4880,4
4881,3.9
4882,-0.2
4883,3.9
4884,3.9
4885,4
4886,4
4887,3.9
4888,3.9
4889,3.9
4890,4
4891,3.8
4892,3.8
4893,3.9
4894,4
4895,4
4896,4
4897,4
4898,4
4899,3.7
4900,3.9
4901,3.9
4902,4
4903,-0.2
4904,3.9
4905,3.7
4906,3.7
4907,3.8
4908,4
4909,3.8
4910,3.8
4911,3.7
4912,3.9
4913,4
4914,3.8
4915,4
4916,4
4917,4
4918,4
4919,3.8
4920,4
4921,4
4922,3.9
4923,4
4924,3.8
4925,4
4926,4
4927,4
4928,3.9
4929,4
4930,3.9
4931,3.8
4932,4
4933,4
4934,4
4935,-0.4
4936,4
4937,3.9
4938,4
4939,3.9
4940,3.9
4941,4
4942,-14.29999999999999
4943,4
4944,3.9
4945,4
4946,4
4947,4
4948,4
4949,4
4950,4
4951,3.9
4952,4
4953,3.7
4954,3.9
4955,4
4956,3.7
4957,3.8
4958,4
4959,3.9
4960,4
4961,3.9
4962,3.9
4963,3.9
4964,3.9
4965,4
4966,4
4967,3.9
4968,4
4969,3.7
4970,4
4971,4
4972,4
4973,4
4974,4
4975,3.8
4976,4
4977,4
4978,4
4979,3.9
4980,3.9
4981,3.9
4982,3.8
4983,3.9
4984,3.9
4985,4
4986,3.9
4987,-0.30000000000000004
4988,3.9
4989,3.8
4990,4
4991,3.9
4992,3.9
4993,3.9
4994,4
4995,3.9
4996,3.7
4997,3.9
4998,4
4999,3.8
5000,-0.2
5001,4
5002,3.9
5003,3.9
5004,4
5005,4
5006,4
5007,3.9
5008,3.8
5009,-0.4
5010,3.9
5011,-1.1999999999999975
5012,3.9
5013,3.9
5014,-0.4
5015,3.8
5016,4
5017,3.9
5018,4
5019,3.9
5020,3.9
5021,-23.10000000000006
5022,-12.999999999999972
5023,3.9
5024,4
5025,-0.1
5026,3.8
5027,-23.30000000000006
5028,4
5029,3.9
5030,3.9
5031,4
5032,3.9
5033,-0.30000000000000004
5034,3.9
5035,3.8
5036,3.8
5037,3.8
5038,3.8
5039,-0.2
5040,3.9
5041,3.9
5042,3.9
5043,3.9
5044,3.8
5045,3.9
5046,4
5047,3.8
5048,-0.2
5049,3.9
5050,3.9
5051,4
5052,4
5053,3.7
5054,4
5055,4
5056,3.9
5057,3.9
5058,4
5059,3.6
5060,-0.4
5061,4
5062,4
5063,4
5064,4
5065,-0.30000000000000004
5066,4
5067,3.9
5068,3.8
5069,3.7
5070,4
5071,3.9
5072,3.9
5073,4
5074,4
5075,4
5076,4
5077,3.9
5078,4
5079,4
5080,4
5081,4
5082,4
5083,4
5084,3.9
5085,4
5086,4
5087,4
5088,4
5089,4
5090,-0.2
5091,4
5092,3.7
5093,3.9
5094,3.7
5095,4
5096,-0.4
5097,3.9
5098,3.9
5099,3.8
5100,4
5101,4
5102,4
5103,4
5104,4
5105,4
5106,4
5107,4
5108,3.8
5109,4
5110,4
5111,3.9
5112,3.8
5113,4
5114,3.8
5115,4
5116,3.8
5117,3.9
5118,4
5119,4
5120,3.9
5121,3.9
5122,4
5123,3.8
5124,4
5125,4
5126,-0.30000000000000004
5127,3.9
5128,3.8
5129,3.8
5130,3.9
5131,3.9
5132,3.9
5133,3.8
5134,3.9
5135,3.9
5136,3.9
5137,3.9
5138,3.9
5139,4
5140,3.9
5141,4
5142,3.8
5143,3.9
5144,3.9
5145,3.7
5146,3.9
5147,3.9
5148,4
5149,3.8
5150,4
5151,3.9
5152,3.8
5153,3.8
5154,-0.30000000000000004
5155,3.9
5156,3.9
5157,4
5158,3.9
5159,3.8
5160,3.9
5161,-0.30000000000000004
5162,4
5163,4
5164,4
5165,3.8
5166,4
5167,4
5168,3.9
5169,-0.30000000000000004
5170,3.8
5171,4
5172,4
5173,3.8
5174,4
5175,4
5176,3.7
5177,4
5178,3.9
5179,4
5180,-0.2
5181,3.9
5182,4
5183,3.9
5184,4
5185,4
5186,4
5187,4
5188,3.9
5189,4
5190,3.9
5191,4
5192,3.9
5193,3.9
5194,4
5195,4
5196,3.7
5197,3.9
5198,3.9
5199,4
5200,3.9
5201,3.9
5202,3.9
5203,3.8
5204,4
5205,4
5206,4
5207,4
5208,3.9
5209,3.7
5210,3.9
5211,3.9
5212,-0.2
5213,3.9
5214,3.9
5215,3.9
5216,3.7
5217,3.9
5218,3.8
5219,4
5220,4
5221,3.8
5222,3.8
5223,4
5224,3.8
5225,4
5226,4
5227,3.8
5228,3.8
5229,3.8
5230,3.9
5231,4
5232,4
5233,3.9
5234,4
5235,4
5236,3.9
5237,3.9
5238,4
5239,3.9
5240,3.8
5241,4
5242,4
5243,4
5244,3.7
5245,3.9
5246,4
5247,4
5248,3.8
5249,4
5250,4
5251,-0.30000000000000004
5252,4
5253,3.9
5254,4
5255,3.9
5256,3.7
5257,4
5258,3.9
5259,3.9
5260,4
5261,3.9
5262,4
5263,3.9
5264,4
5265,3.8
5266,3.9
5267,4
5268,4
5269,3.9
5270,3.8
5271,3.8
5272,4
5273,3.8
5274,4
5275,3.7
5276,4
5277,3.9
5278,4
5279,4
5280,3.9
5281,3.9
5282,3.9
5283,4
5284,3.9
5285,3.9
5286,3.9
5287,4
5288,3.7
5289,3.9
5290,-0.30000000000000004
5291,4
5292,3.9
5293,4
5294,3.9
5295,4
5296,4
5297,4
5298,4
5299,4
5300,4
5301,3.9
5302,3.8
5303,4
5304,4
5305,4
5306,3.7
5307,4
5308,3.8
5309,4
5310,4
5311,3.9
5312,4
5313,3.9
5314,3.9
5315,3.8
5316,3.9
5317,3.9
5318,3.9
5319,3.9
5320,3.9
5321,3.8
5322,3.9
5323,4
5324,3.8
5325,3.8
5326,3.9
5327,-0.1
5328,3.7
5329,3.9
5330,3.9
5331,4
5332,-0.30000000000000004
5333,3.9
5334,3.9
5335,3.9
5336,-0.2
5337,4
5338,4
5339,4
5340,3.8
5341,4
5342,3.8
5343,3.9
5344,3.8
5345,3.8
5346,3.9
5347,3.9
5348,4
5349,3.8
5350,4
5351,3.8
5352,4
5353,4
5354,4
5355,3.8
5356,3.9
5357,4
5358,3.9
5359,4
5360,3.7
5361,3.9
5362,-0.2
5363,3.9
5364,4
5365,4
5366,3.9
5367,3.7
5368,-0.30000000000000004
5369,4
5370,4
5371,4
5372,-0.5
5373,-0.30000000000000004
5374,3.9
5375,3.9
5376,4
5377,3.9
5378,3.9
5379,4
5380,-0.5
5381,4
5382,3.9
5383,3.9
5384,3.9
5385,3.9
5386,3.9
5387,4
5388,4
5389,-0.1
5390,3.8
5391,3.9
5392,3.8
5393,3.9
5394,4
5395,4
5396,4
5397,3.8
5398,3.9
5399,3.9
5400,3.9
5401,3.8
5402,3.7
5403,3.9
5404,4
5405,3.9
5406,4
5407,4
5408,3.8
5409,4
5410,-0.1
5411,4
5412,4
5413,4
5414,3.9
5415,4
5416,4
5417,3.8
5418,3.9
5419,4
5420,4
5421,4
5422,4
5423,4
5424,3.9
5425,4
5426,4
5427,4
5428,4
5429,3.9
5430,3.8
5431,4
5432,3.9
5433,4
5434,-0.30000000000000004
5435,4
5436,4
5437,4
5438,3.9
5439,4
5440,4
5441,3.9
5442,4
5443,4
5444,4
5445,4
5446,4
5447,4
5448,4
5449,-0.1
5450,4
5451,4
5452,4
5453,4
5454,4
5455,3.8
5456,4
5457,4
5458,3.9
5459,3.9
5460,3.9
5461,4
5462,4
5463,3.7
5464,3.8
5465,4
5466,3.9
5467,4
5468,4
5469,4
5470,3.8
5471,3.9
5472,3.9
5473,4
5474,4
5475,4
5476,-0.2
5477,3.8
5478,4
5479,3.9
5480,4
5481,3.8
5482,4
5483,4
5484,4
5485,3.9
5486,4
5487,4
5488,4
5489,4
5490,4
5491,3.9
5492,3.9
5493,4
5494,3.9
5495,4
5496,4
5497,4
5498,4
5499,3.9
